   0.00000,   0.63604,   0.24062,   0.48421,   0.64884,   0.66377,   0.01180,   0.63115,   0.03873,   0.21882,   0.17165,   0.45565,   0.01882,   0.47367,   0.05738,   0.41069,   0.13304,   0.37914,   0.47083,   0.54190,   0.20049,   0.41474,   0.00033,   0.36126,   0.68058,   0.58717,   0.41235,   0.47570,   0.43373,   0.63902,   0.39049,   0.24339,   0.29266,   0.03204,   0.27377,   0.46049,   0.70713,   0.16615,   0.55312,   0.67552,   0.69165,   0.01498,   0.61091,   0.00027,   0.06690,   0.00000,   0.66823,   0.00082,   0.60173,   0.01999,   0.36602,   0.01472,   0.36918,   0.54873,   0.58396,   0.50888,   0.53766,   0.00000,   0.20756,   0.70317,   0.66390,   0.32006,   0.57754,   0.45669,   0.64986,   0.06749,   0.00033,   0.28916,   0.01186,   0.14880,   0.01728
   0.00000,   0.65347,   0.13154,   0.51161,   0.64387,   0.69419,   0.08987,   0.65286,   0.00055,   0.08649,   0.00121,   0.53829,   0.03373,   0.43625,   0.12937,   0.30918,   0.08043,   0.57380,   0.27223,   0.48039,   0.05915,   0.36871,   0.00225,   0.23747,   0.67171,   0.48568,   0.48131,   0.45356,   0.35664,   0.63212,   0.46128,   0.15784,   0.17324,   0.01979,   0.22004,   0.25614,   0.72133,   0.03449,   0.55455,   0.63968,   0.71643,   0.11066,   0.61393,   0.00612,   0.06505,   0.02337,   0.43283,   0.03155,   0.50674,   0.07760,   0.14084,   0.01383,   0.54758,   0.32973,   0.56168,   0.32383,   0.41731,   0.00000,   0.21678,   0.73193,   0.53842,   0.39070,   0.61661,   0.42583,   0.70896,   0.09987,   0.00173,   0.19345,   0.05984,   0.25355,   0.00000
   0.00000,   0.64311,   0.08756,   0.42240,   0.65469,   0.67338,   0.07387,   0.63072,   0.00463,   0.09222,   0.03116,   0.45246,   0.03233,   0.35413,   0.01673,   0.42296,   0.04353,   0.43311,   0.33372,   0.35923,   0.01900,   0.24378,   0.00013,   0.20769,   0.67837,   0.48549,   0.50765,   0.42993,   0.26048,   0.62529,   0.37542,   0.12991,   0.19857,   0.10681,   0.28197,   0.16501,   0.68953,   0.03226,   0.53268,   0.64763,   0.69199,   0.24529,   0.63444,   0.00000,   0.04085,   0.00288,   0.49272,   0.00507,   0.40429,   0.02006,   0.48212,   0.00811,   0.50025,   0.32594,   0.45978,   0.28017,   0.23638,   0.00066,   0.10558,   0.68542,   0.62281,   0.38819,   0.59637,   0.37103,   0.66626,   0.04959,   0.00863,   0.12532,   0.15714,   0.47047,   0.05674
   0.00000,   0.66089,   0.11649,   0.40245,   0.60822,   0.67330,   0.04585,   0.36328,   0.14419,   0.01916,   0.03463,   0.55372,   0.01220,   0.49627,   0.19272,   0.44198,   0.00617,   0.50878,   0.61247,   0.41234,   0.05394,   0.21189,   0.00398,   0.22072,   0.65420,   0.58252,   0.26543,   0.45201,   0.21123,   0.58858,   0.08150,   0.15773,   0.11491,   0.09694,   0.48506,   0.21527,   0.72205,   0.01968,   0.47017,   0.66173,   0.68496,   0.07994,   0.43773,   0.16059,   0.02935,   0.00825,   0.61171,   0.01724,   0.36059,   0.17641,   0.45243,   0.00218,   0.52611,   0.69934,   0.45491,   0.01539,   0.27934,   0.00134,   0.20449,   0.68314,   0.69135,   0.36093,   0.57884,   0.37679,   0.64837,   0.12321,   0.01122,   0.11349,   0.05099,   0.58852,   0.00872
   0.00000,   0.53618,   0.08831,   0.60983,   0.66857,   0.68091,   0.14931,   0.49861,   0.04880,   0.08337,   0.05859,   0.29754,   0.05101,   0.52567,   0.05915,   0.49096,   0.07753,   0.33364,   0.23578,   0.69291,   0.00000,   0.34488,   0.01316,   0.02807,   0.65035,   0.34632,   0.18536,   0.65497,   0.64556,   0.65077,   0.10390,   0.05404,   0.08917,   0.26756,   0.47303,   0.11899,   0.66028,   0.07236,   0.46132,   0.60078,   0.66195,   0.24390,   0.55069,   0.02318,   0.06750,   0.02442,   0.46810,   0.03455,   0.46697,   0.05432,   0.47003,   0.00857,   0.45098,   0.41834,   0.53982,   0.03836,   0.29231,   0.00015,   0.07933,   0.64181,   0.50474,   0.28197,   0.55398,   0.24769,   0.49690,   0.12217,   0.04769,   0.11778,   0.03284,   0.49653,   0.00224
   0.00000,   0.63243,   0.10189,   0.23151,   0.51369,   0.54144,   0.00000,   0.26042,   0.21861,   0.03773,   0.12624,   0.57610,   0.02138,   0.34768,   0.21762,   0.23099,   0.07910,   0.45704,   0.43115,   0.23006,   0.03665,   0.15663,   0.00139,   0.18045,   0.58274,   0.58656,   0.37859,   0.38209,   0.14773,   0.45174,   0.25283,   0.19976,   0.20950,   0.09262,   0.39525,   0.25584,   0.59026,   0.09070,   0.14259,   0.46120,   0.53385,   0.00000,   0.53558,   0.08373,   0.00378,   0.00564,   0.59430,   0.00985,   0.39808,   0.20134,   0.36570,   0.00052,   0.55483,   0.57841,   0.31303,   0.00000,   0.13104,   0.00452,   0.18293,   0.59261,   0.55841,   0.41349,   0.34583,   0.13639,   0.50109,   0.01303,   0.05650,   0.25156,   0.13065,   0.45906,   0.05712
   0.00000,   0.55771,   0.18973,   0.34899,   0.60414,   0.68483,   0.00650,   0.39991,   0.10050,   0.11161,   0.06471,   0.37185,   0.05232,   0.44534,   0.13432,   0.39857,   0.01489,   0.22601,   0.32561,   0.40324,   0.00802,   0.22132,   0.00090,   0.05434,   0.69426,   0.44203,   0.23665,   0.50389,   0.20269,   0.58380,   0.15112,   0.14695,   0.19219,   0.15443,   0.13652,   0.13336,   0.68090,   0.05450,   0.58308,   0.54262,   0.70602,   0.00893,   0.51667,   0.00909,   0.03759,   0.00239,   0.47760,   0.01486,   0.35086,   0.02772,   0.41130,   0.00000,   0.38925,   0.38113,   0.52417,   0.00416,   0.40329,   0.01027,   0.13128,   0.66426,   0.53802,   0.29406,   0.66622,   0.40445,   0.65377,   0.04000,   0.03911,   0.13148,   0.14444,   0.18534,   0.00363
   0.00000,   0.62806,   0.02133,   0.43471,   0.55334,   0.63885,   0.02465,   0.43309,   0.01992,   0.01289,   0.00749,   0.40989,   0.01471,   0.52152,   0.04492,   0.47641,   0.00134,   0.33948,   0.63079,   0.43675,   0.01530,   0.28003,   0.00233,   0.27230,   0.66720,   0.58583,   0.18652,   0.53506,   0.23723,   0.54989,   0.12818,   0.01779,   0.08069,   0.32790,   0.43322,   0.00375,   0.69598,   0.02229,   0.51687,   0.66508,   0.65643,   0.03083,   0.46956,   0.00465,   0.01174,   0.01711,   0.54002,   0.01292,   0.45802,   0.06152,   0.43095,   0.00342,   0.38995,   0.62326,   0.44857,   0.02634,   0.34707,   0.00000,   0.40922,   0.64930,   0.67317,   0.15808,   0.65814,   0.28855,   0.62021,   0.18858,   0.02179,   0.27073,   0.06082,   0.49534,   0.00000
   0.00000,   0.62264,   0.03956,   0.25867,   0.52360,   0.54158,   0.09059,   0.60702,   0.02262,   0.02539,   0.02222,   0.37504,   0.02267,   0.52981,   0.04834,   0.33960,   0.00521,   0.37420,   0.61915,   0.32054,   0.01464,   0.20185,   0.01379,   0.19935,   0.61051,   0.58580,   0.40993,   0.50204,   0.18308,   0.47063,   0.33975,   0.04499,   0.09163,   0.29462,   0.19684,   0.08669,   0.61193,   0.01808,   0.26700,   0.47728,   0.55579,   0.10865,   0.46674,   0.01697,   0.01277,   0.01673,   0.33873,   0.03316,   0.52134,   0.06161,   0.49682,   0.00503,   0.29056,   0.59890,   0.60498,   0.07573,   0.51856,   0.00000,   0.07357,   0.58315,   0.57776,   0.21757,   0.68548,   0.56596,   0.45251,   0.03921,   0.00820,   0.14629,   0.34807,   0.25364,   0.00026
   0.00000,   0.57521,   0.12270,   0.29791,   0.62358,   0.62546,   0.03440,   0.27189,   0.00553,   0.19553,   0.01270,   0.40409,   0.01852,   0.29338,   0.10766,   0.07357,   0.00739,   0.27240,   0.44161,   0.42615,   0.00000,   0.18449,   0.00232,   0.28376,   0.65360,   0.46493,   0.18053,   0.31265,   0.24658,   0.58354,   0.16414,   0.14210,   0.27475,   0.00000,   0.20705,   0.17003,   0.62553,   0.18017,   0.31141,   0.54028,   0.63496,   0.04316,   0.62296,   0.12060,   0.14511,   0.03524,   0.49797,   0.08600,   0.23311,   0.14757,   0.21054,   0.00872,   0.62069,   0.45418,   0.43170,   0.04989,   0.21372,   0.00000,   0.27759,   0.66317,   0.63465,   0.55343,   0.25701,   0.17359,   0.57565,   0.10280,   0.13711,   0.43868,   0.15996,   0.39934,   0.35799
   0.00000,   0.65463,   0.08791,   0.38697,   0.60691,   0.64681,   0.04740,   0.66210,   0.11202,   0.04658,   0.10211,   0.57622,   0.04091,   0.16019,   0.05740,   0.26393,   0.09470,   0.65321,   0.67230,   0.32833,   0.00000,   0.04584,   0.00257,   0.33503,   0.68361,   0.63535,   0.44965,   0.30731,   0.08972,   0.56794,   0.29344,   0.17907,   0.22994,   0.06309,   0.40311,   0.26987,   0.67620,   0.00976,   0.53131,   0.62725,   0.65629,   0.11164,   0.55942,   0.00512,   0.09925,   0.00437,   0.44588,   0.00494,   0.40137,   0.00667,   0.48436,   0.00000,   0.36898,   0.61515,   0.40179,   0.03370,   0.18539,   0.00448,   0.26084,   0.67448,   0.61669,   0.23446,   0.56784,   0.27834,   0.68281,   0.10286,   0.00439,   0.22560,   0.17383,   0.05723,   0.00000
   0.00000,   0.64431,   0.04555,   0.45851,   0.64967,   0.55298,   0.03078,   0.51438,   0.03560,   0.00554,   0.03275,   0.32990,   0.02019,   0.49826,   0.05428,   0.46858,   0.01062,   0.21783,   0.52663,   0.60921,   0.00055,   0.46058,   0.01233,   0.21598,   0.56389,   0.59148,   0.35456,   0.59562,   0.51836,   0.64029,   0.26233,   0.07225,   0.13579,   0.03043,   0.21070,   0.10694,   0.58508,   0.36601,   0.33698,   0.33205,   0.50185,   0.01356,   0.58415,   0.16908,   0.24181,   0.20854,   0.52954,   0.05686,   0.09806,   0.10649,   0.10634,   0.20076,   0.59000,   0.60916,   0.24448,   0.00126,   0.19800,   0.02617,   0.51187,   0.50625,   0.55817,   0.46699,   0.35051,   0.15667,   0.40523,   0.37989,   0.30415,   0.50137,   0.01196,   0.23146,   0.34883
   0.00000,   0.61254,   0.27291,   0.57554,   0.65332,   0.70358,   0.01127,   0.26906,   0.01451,   0.42893,   0.07778,   0.40047,   0.15884,   0.60374,   0.02707,   0.37439,   0.14583,   0.17513,   0.56834,   0.62592,   0.07421,   0.57358,   0.00000,   0.19380,   0.71372,   0.45540,   0.32651,   0.70079,   0.62507,   0.63643,   0.27289,   0.12191,   0.45646,   0.17052,   0.10475,   0.04078,   0.64085,   0.18928,   0.43907,   0.56977,   0.68526,   0.00890,   0.54075,   0.13784,   0.40909,   0.17772,   0.57629,   0.22491,   0.41310,   0.04237,   0.39311,   0.10422,   0.44138,   0.58505,   0.54479,   0.01212,   0.33137,   0.11102,   0.31142,   0.66474,   0.50809,   0.42654,   0.56424,   0.37126,   0.57359,   0.35579,   0.00233,   0.43339,   0.20906,   0.24409,   0.00202
   0.00000,   0.66603,   0.01753,   0.49674,   0.62372,   0.66207,   0.22620,   0.57121,   0.00392,   0.00266,   0.00069,   0.54541,   0.03780,   0.50348,   0.07978,   0.48234,   0.00000,   0.33675,   0.46053,   0.47318,   0.00846,   0.40823,   0.02346,   0.06273,   0.68244,   0.57525,   0.39425,   0.53381,   0.36664,   0.54166,   0.37636,   0.01185,   0.01753,   0.23488,   0.07983,   0.03026,   0.71847,   0.03871,   0.56497,   0.70518,   0.68425,   0.27969,   0.47574,   0.01605,   0.01648,   0.01748,   0.56127,   0.08601,   0.50778,   0.14189,   0.41471,   0.00688,   0.36881,   0.50130,   0.65299,   0.05363,   0.49000,   0.00000,   0.15376,   0.70405,   0.70299,   0.44630,   0.61203,   0.26860,   0.65157,   0.01520,   0.01165,   0.05494,   0.15984,   0.38106,   0.06501
   0.00000,   0.63157,   0.21304,   0.52613,   0.66276,   0.61007,   0.19169,   0.57729,   0.02665,   0.14238,   0.15235,   0.48999,   0.07905,   0.49486,   0.08507,   0.43989,   0.17113,   0.44864,   0.33523,   0.54954,   0.21867,   0.46491,   0.01903,   0.24792,   0.66389,   0.53951,   0.34402,   0.52567,   0.42492,   0.66902,   0.32154,   0.21250,   0.16037,   0.20345,   0.02933,   0.31082,   0.66439,   0.31638,   0.50699,   0.49261,   0.62112,   0.15141,   0.55363,   0.28215,   0.25765,   0.25456,   0.56538,   0.13281,   0.18644,   0.12969,   0.22368,   0.18265,   0.60634,   0.56363,   0.45996,   0.04413,   0.11871,   0.03685,   0.61137,   0.64051,   0.61610,   0.57464,   0.29677,   0.14223,   0.57281,   0.30861,   0.32401,   0.47705,   0.03658,   0.44607,   0.37879
   0.00000,   0.65154,   0.03577,   0.62115,   0.63856,   0.73797,   0.25726,   0.52453,   0.01063,   0.02274,   0.01337,   0.33924,   0.01819,   0.35367,   0.17285,   0.21152,   0.00693,   0.36895,   0.53364,   0.48029,   0.10768,   0.14266,   0.03439,   0.26099,   0.73143,   0.56300,   0.21504,   0.51527,   0.31772,   0.71929,   0.21927,   0.05557,   0.08738,   0.13056,   0.02965,   0.02854,   0.72810,   0.03767,   0.57160,   0.63429,   0.74656,   0.20949,   0.41586,   0.02987,   0.03335,   0.02334,   0.63068,   0.09796,   0.39742,   0.09040,   0.39949,   0.02119,   0.35631,   0.51583,   0.37735,   0.05944,   0.37008,   0.00036,   0.07526,   0.72898,   0.53141,   0.27119,   0.49556,   0.17508,   0.57287,   0.04092,   0.00429,   0.28109,   0.20320,   0.06260,   0.00000
   0.00000,   0.66499,   0.02801,   0.62979,   0.69169,   0.58603,   0.03690,   0.43644,   0.02461,   0.02921,   0.02445,   0.52642,   0.03686,   0.55158,   0.05753,   0.49452,   0.00191,   0.31255,   0.53954,   0.44992,   0.02835,   0.19626,   0.00060,   0.39919,   0.55207,   0.63038,   0.36507,   0.68852,   0.13292,   0.64913,   0.14242,   0.04466,   0.16881,   0.33988,   0.25348,   0.02659,   0.68863,   0.22447,   0.61401,   0.58906,   0.55685,   0.04562,   0.69912,   0.18569,   0.22391,   0.20116,   0.57083,   0.10045,   0.34506,   0.11413,   0.44805,   0.14432,   0.66053,   0.54251,   0.41443,   0.00957,   0.25711,   0.01576,   0.54090,   0.51190,   0.61822,   0.57047,   0.57319,   0.34718,   0.60092,   0.51558,   0.28839,   0.49883,   0.15823,   0.57274,   0.31903
   0.00000,   0.64587,   0.00232,   0.52660,   0.62691,   0.53686,   0.25316,   0.30709,   0.00175,   0.00381,   0.00193,   0.38411,   0.00509,   0.50619,   0.13671,   0.30455,   0.00132,   0.20967,   0.57628,   0.55702,   0.00025,   0.28108,   0.00288,   0.03415,   0.58745,   0.62120,   0.19640,   0.57290,   0.28672,   0.63889,   0.01368,   0.00440,   0.06119,   0.11669,   0.09255,   0.00021,   0.54305,   0.24911,   0.44100,   0.29000,   0.46900,   0.22872,   0.62299,   0.18533,   0.12994,   0.22207,   0.50370,   0.07192,   0.20100,   0.12248,   0.12876,   0.10623,   0.59839,   0.50162,   0.18073,   0.00000,   0.17770,   0.07777,   0.49120,   0.40011,   0.44723,   0.50155,   0.32176,   0.11912,   0.36396,   0.30462,   0.24954,   0.45750,   0.07473,   0.42763,   0.31077
   0.00000,   0.68664,   0.02341,   0.40428,   0.67628,   0.67331,   0.12273,   0.54628,   0.02470,   0.03046,   0.02508,   0.38567,   0.03200,   0.51360,   0.01197,   0.54936,   0.01511,   0.29973,   0.66813,   0.37542,   0.00054,   0.16855,   0.03532,   0.12724,   0.66177,   0.63655,   0.26211,   0.57320,   0.12022,   0.67604,   0.21974,   0.03566,   0.09696,   0.29931,   0.22265,   0.00847,   0.64363,   0.28660,   0.21923,   0.31721,   0.63926,   0.41233,   0.61734,   0.16504,   0.15615,   0.16091,   0.57889,   0.06245,   0.22829,   0.04386,   0.26739,   0.11907,   0.64412,   0.68046,   0.08283,   0.00000,   0.03486,   0.01646,   0.59376,   0.65838,   0.61017,   0.49723,   0.30166,   0.02882,   0.33211,   0.24617,   0.23794,   0.47864,   0.11049,   0.41598,   0.21535
   0.00000,   0.53794,   0.10293,   0.69084,   0.65232,   0.70444,   0.23793,   0.37015,   0.06713,   0.07467,   0.04931,   0.16270,   0.09010,   0.53462,   0.09601,   0.19053,   0.03016,   0.27742,   0.41213,   0.68518,   0.07002,   0.44200,   0.03077,   0.21985,   0.62755,   0.39872,   0.06107,   0.66093,   0.61227,   0.68133,   0.03076,   0.10091,   0.16213,   0.12710,   0.42644,   0.13637,   0.69629,   0.11219,   0.63066,   0.66347,   0.69852,   0.29433,   0.53791,   0.03307,   0.06071,   0.01149,   0.48198,   0.05337,   0.45882,   0.09713,   0.35420,   0.00303,   0.38711,   0.32306,   0.50447,   0.33751,   0.44267,   0.02447,   0.43331,   0.65396,   0.62622,   0.24926,   0.61183,   0.42018,   0.64882,   0.03684,   0.02721,   0.12124,   0.06325,   0.37443,   0.04539
   0.00000,   0.61882,   0.04191,   0.61623,   0.70083,   0.71239,   0.07294,   0.40521,   0.04771,   0.01121,   0.04110,   0.38850,   0.02751,   0.68223,   0.06143,   0.56217,   0.04254,   0.41036,   0.13457,   0.67420,   0.00000,   0.60200,   0.00514,   0.04152,   0.70024,   0.31595,   0.27642,   0.65562,   0.61228,   0.66860,   0.17586,   0.06629,   0.04426,   0.19858,   0.01463,   0.08958,   0.66399,   0.12362,   0.47576,   0.60702,   0.70390,   0.03562,   0.54923,   0.02148,   0.06975,   0.01387,   0.58061,   0.06173,   0.45979,   0.05584,   0.26508,   0.00464,   0.46021,   0.59159,   0.54753,   0.32399,   0.21550,   0.00000,   0.08278,   0.68787,   0.61076,   0.53091,   0.47579,   0.26182,   0.62147,   0.05348,   0.08617,   0.10481,   0.07339,   0.04380,   0.00202
   0.00000,   0.67459,   0.04672,   0.56074,   0.67045,   0.62113,   0.05304,   0.62934,   0.00669,   0.08614,   0.01681,   0.50034,   0.00343,   0.48362,   0.01572,   0.45256,   0.02023,   0.49574,   0.56276,   0.56156,   0.05072,   0.38957,   0.00000,   0.25923,   0.65791,   0.56291,   0.29035,   0.54983,   0.38022,   0.66069,   0.23515,   0.07139,   0.25149,   0.43631,   0.28808,   0.05198,   0.65420,   0.30147,   0.54922,   0.56907,   0.61495,   0.10617,   0.66647,   0.16345,   0.25118,   0.20334,   0.59984,   0.10006,   0.29478,   0.07665,   0.45882,   0.14067,   0.64643,   0.57419,   0.52385,   0.09455,   0.45051,   0.10204,   0.52778,   0.58017,   0.56729,   0.55824,   0.53097,   0.38851,   0.56486,   0.41184,   0.26304,   0.50401,   0.09696,   0.40644,   0.36739
   0.00000,   0.66105,   0.06644,   0.42239,   0.61427,   0.63538,   0.02881,   0.27859,   0.12265,   0.00000,   0.01278,   0.52629,   0.00295,   0.51066,   0.14245,   0.55173,   0.01098,   0.53165,   0.64509,   0.33207,   0.00000,   0.30466,   0.00451,   0.05624,   0.67123,   0.48793,   0.15119,   0.51374,   0.28005,   0.57974,   0.08686,   0.02645,   0.02133,   0.07858,   0.33358,   0.19393,   0.70971,   0.11822,   0.50543,   0.67872,   0.66714,   0.05705,   0.34608,   0.10548,   0.01210,   0.02468,   0.61007,   0.00418,   0.56987,   0.10266,   0.56971,   0.00082,   0.51144,   0.63321,   0.43928,   0.19907,   0.38288,   0.00000,   0.09905,   0.67100,   0.65365,   0.18602,   0.64642,   0.48106,   0.61169,   0.02614,   0.02013,   0.15141,   0.26131,   0.57586,   0.02267
   0.00000,   0.68160,   0.10866,   0.39551,   0.66477,   0.47522,   0.00489,   0.64793,   0.02717,   0.07404,   0.01426,   0.46574,   0.06378,   0.56720,   0.10007,   0.31010,   0.00995,   0.59165,   0.31697,   0.58848,   0.01041,   0.54981,   0.01117,   0.22495,   0.58775,   0.51674,   0.45481,   0.60864,   0.52186,   0.65460,   0.39035,   0.13550,   0.15093,   0.27586,   0.15647,   0.28297,   0.59623,   0.24081,   0.30744,   0.34544,   0.41366,   0.00853,   0.66907,   0.12145,   0.16142,   0.17092,   0.52219,   0.09700,   0.16998,   0.16921,   0.29624,   0.13660,   0.67488,   0.56632,   0.26510,   0.08635,   0.20658,   0.06026,   0.56359,   0.39168,   0.53303,   0.59143,   0.51738,   0.19841,   0.31813,   0.35885,   0.27862,   0.53239,   0.13078,   0.48481,   0.33356
   0.00000,   0.64657,   0.03286,   0.63774,   0.62629,   0.73046,   0.00978,   0.54604,   0.00000,   0.04744,   0.00120,   0.43048,   0.01574,   0.50984,   0.05687,   0.30931,   0.00226,   0.37169,   0.37104,   0.65493,   0.10827,   0.44455,   0.00015,   0.02634,   0.71647,   0.42316,   0.34268,   0.65422,   0.53924,   0.67683,   0.25019,   0.03601,   0.06977,   0.05777,   0.35422,   0.08477,   0.66951,   0.17877,   0.56022,   0.65041,   0.72384,   0.00741,   0.60974,   0.00107,   0.05362,   0.02493,   0.61602,   0.02666,   0.42333,   0.03710,   0.48467,   0.00135,   0.55014,   0.55467,   0.50543,   0.03715,   0.38621,   0.00105,   0.24495,   0.67880,   0.58746,   0.41450,   0.56888,   0.09723,   0.65502,   0.06081,   0.00440,   0.17395,   0.08201,   0.26389,   0.02049
   0.00000,   0.62061,   0.03530,   0.32330,   0.61158,   0.64650,   0.20792,   0.43839,   0.00348,   0.06018,   0.00000,   0.37852,   0.02374,   0.34826,   0.04107,   0.19268,   0.00927,   0.31655,   0.54327,   0.31585,   0.13466,   0.04406,   0.01108,   0.06034,   0.67416,   0.60905,   0.34142,   0.43785,   0.13062,   0.59134,   0.22918,   0.05602,   0.08559,   0.11944,   0.15585,   0.00483,   0.69981,   0.29590,   0.46557,   0.46920,   0.66740,   0.24907,   0.55463,   0.23467,   0.13434,   0.17144,   0.65935,   0.03589,   0.13182,   0.47892,   0.15045,   0.11331,   0.60689,   0.57457,   0.16500,   0.00957,   0.10241,   0.00839,   0.12996,   0.70130,   0.59827,   0.53847,   0.46193,   0.09163,   0.65230,   0.05668,   0.26618,   0.32473,   0.07198,   0.49540,   0.32340
   0.00000,   0.71721,   0.02207,   0.62270,   0.72376,   0.73371,   0.12233,   0.54223,   0.00464,   0.02340,   0.01521,   0.44019,   0.01204,   0.62473,   0.22143,   0.41478,   0.01783,   0.45168,   0.29668,   0.66083,   0.61561,   0.52617,   0.01075,   0.01883,   0.74751,   0.52442,   0.50505,   0.66936,   0.52409,   0.71806,   0.21640,   0.01194,   0.01930,   0.25376,   0.34911,   0.06735,   0.66273,   0.13421,   0.58824,   0.61044,   0.71490,   0.11334,   0.61944,   0.08232,   0.11422,   0.08405,   0.42038,   0.07992,   0.47366,   0.14467,   0.43569,   0.03579,   0.58240,   0.30177,   0.53969,   0.44011,   0.42875,   0.01533,   0.25245,   0.67077,   0.56040,   0.45195,   0.63809,   0.37088,   0.63174,   0.05632,   0.08892,   0.21513,   0.31962,   0.13598,   0.16616
   0.00000,   0.52653,   0.08454,   0.28511,   0.35670,   0.47376,   0.02868,   0.61616,   0.11314,   0.24179,   0.09719,   0.45091,   0.06636,   0.26914,   0.10914,   0.09537,   0.03304,   0.68727,   0.50662,   0.08677,   0.00000,   0.16316,   0.06268,   0.40816,   0.46541,   0.43510,   0.48873,   0.43158,   0.10617,   0.34861,   0.44654,   0.25693,   0.49495,   0.08115,   0.15965,   0.36619,   0.64493,   0.20388,   0.41524,   0.37800,   0.51366,   0.06720,   0.63643,   0.15310,   0.16700,   0.20055,   0.63350,   0.03857,   0.27329,   0.06192,   0.31669,   0.12047,   0.65768,   0.61528,   0.07581,   0.17733,   0.23538,   0.01856,   0.50957,   0.55772,   0.59744,   0.58154,   0.50537,   0.20513,   0.53079,   0.31159,   0.30941,   0.49759,   0.08080,   0.45545,   0.26698
   0.00000,   0.64828,   0.02031,   0.50015,   0.65042,   0.61764,   0.00354,   0.53704,   0.00402,   0.02226,   0.00399,   0.55481,   0.00711,   0.40601,   0.08522,   0.28473,   0.00221,   0.41915,   0.64317,   0.43134,   0.05092,   0.20696,   0.00000,   0.10155,   0.63205,   0.55487,   0.30236,   0.49123,   0.18251,   0.67445,   0.08410,   0.02872,   0.12739,   0.07951,   0.29299,   0.12223,   0.62619,   0.24350,   0.28060,   0.51210,   0.52863,   0.00512,   0.62524,   0.14667,   0.10896,   0.20105,   0.57462,   0.07548,   0.26854,   0.09865,   0.23123,   0.19683,   0.60795,   0.38320,   0.19378,   0.05022,   0.01948,   0.03160,   0.11209,   0.63501,   0.55525,   0.46593,   0.21606,   0.12693,   0.48683,   0.07261,   0.27155,   0.23241,   0.03435,   0.49687,   0.30338
   0.00000,   0.58097,   0.00368,   0.44962,   0.58980,   0.64084,   0.02732,   0.26088,   0.00000,   0.00000,   0.00000,   0.14217,   0.00023,   0.39294,   0.03874,   0.36186,   0.00081,   0.31425,   0.38894,   0.48843,   0.07776,   0.26664,   0.00767,   0.05425,   0.65920,   0.37510,   0.02418,   0.38420,   0.40881,   0.60891,   0.00493,   0.00641,   0.03976,   0.22874,   0.35430,   0.03954,   0.61493,   0.02783,   0.32938,   0.53667,   0.64596,   0.08121,   0.53987,   0.00050,   0.02493,   0.00088,   0.36719,   0.00567,   0.39288,   0.03396,   0.38576,   0.00000,   0.38939,   0.49923,   0.41106,   0.19221,   0.29493,   0.00131,   0.23776,   0.62561,   0.58661,   0.24866,   0.37105,   0.25008,   0.59630,   0.03149,   0.00225,   0.21473,   0.05196,   0.15123,   0.03082
   0.00000,   0.59083,   0.00650,   0.33614,   0.58017,   0.58056,   0.00837,   0.43028,   0.00430,   0.00000,   0.00000,   0.34780,   0.01804,   0.40804,   0.04460,   0.35107,   0.00000,   0.25651,   0.38434,   0.44471,   0.04209,   0.23613,   0.00033,   0.03419,   0.61847,   0.39190,   0.14748,   0.35333,   0.27583,   0.54208,   0.14957,   0.00159,   0.00287,   0.03801,   0.20761,   0.01224,   0.60787,   0.04365,   0.28348,   0.53665,   0.58332,   0.02993,   0.36167,   0.01068,   0.00383,   0.00753,   0.57097,   0.01953,   0.34316,   0.06911,   0.32692,   0.00212,   0.40464,   0.63450,   0.41128,   0.00025,   0.17235,   0.01274,   0.20712,   0.65203,   0.61896,   0.22910,   0.31525,   0.22865,   0.52916,   0.00605,   0.00824,   0.17242,   0.13805,   0.36798,   0.00052
   0.00000,   0.64924,   0.07166,   0.55915,   0.66986,   0.67505,   0.09731,   0.35033,   0.01549,   0.05033,   0.05572,   0.54306,   0.02574,   0.45575,   0.06150,   0.36133,   0.03857,   0.28534,   0.44204,   0.54540,   0.03958,   0.44478,   0.01995,   0.23916,   0.69414,   0.54485,   0.35014,   0.57140,   0.49767,   0.67975,   0.22443,   0.06621,   0.17453,   0.25555,   0.12058,   0.11815,   0.61868,   0.06240,   0.46103,   0.56997,   0.65464,   0.10011,   0.43117,   0.02827,   0.03573,   0.01749,   0.49242,   0.03504,   0.40445,   0.11866,   0.44691,   0.00000,   0.42036,   0.53179,   0.40688,   0.31629,   0.25101,   0.01498,   0.25414,   0.63983,   0.55150,   0.31267,   0.69695,   0.35963,   0.59669,   0.07133,   0.01881,   0.13939,   0.32300,   0.36103,   0.02889
   0.00000,   0.67303,   0.00677,   0.52863,   0.68277,   0.65186,   0.02972,   0.51755,   0.00418,   0.00311,   0.00143,   0.37712,   0.00352,   0.63517,   0.06326,   0.52005,   0.00325,   0.42427,   0.49321,   0.61818,   0.00000,   0.55391,   0.00173,   0.28890,   0.67910,   0.48774,   0.18413,   0.62192,   0.49174,   0.69461,   0.07127,   0.00916,   0.01704,   0.10719,   0.01836,   0.02489,   0.65186,   0.26198,   0.42513,   0.51721,   0.62484,   0.04306,   0.66949,   0.09778,   0.07978,   0.14634,   0.62723,   0.03927,   0.13966,   0.08308,   0.32157,   0.12794,   0.61937,   0.61633,   0.38593,   0.00057,   0.25628,   0.03256,   0.45040,   0.67000,   0.59084,   0.38545,   0.41866,   0.27265,   0.48757,   0.07868,   0.24193,   0.32675,   0.20315,   0.42348,   0.23762
   0.00000,   0.66257,   0.00915,   0.54178,   0.67225,   0.62790,   0.15757,   0.43007,   0.00777,   0.00627,   0.00724,   0.57567,   0.01860,   0.53213,   0.11252,   0.14580,   0.00197,   0.26431,   0.60436,   0.61040,   0.03553,   0.51445,   0.10809,   0.23021,   0.64383,   0.51728,   0.24268,   0.51847,   0.44850,   0.64002,   0.10806,   0.02217,   0.05549,   0.18902,   0.49668,   0.04042,   0.64449,   0.24806,   0.35396,   0.37851,   0.59049,   0.12314,   0.57837,   0.11261,   0.07442,   0.17802,   0.60844,   0.06173,   0.08345,   0.11563,   0.33276,   0.14936,   0.65863,   0.61297,   0.24512,   0.06051,   0.15531,   0.03012,   0.23488,   0.52830,   0.53664,   0.35440,   0.45285,   0.14109,   0.31072,   0.04572,   0.31072,   0.33212,   0.39300,   0.46936,   0.23211
   0.00000,   0.64127,   0.05358,   0.63467,   0.60632,   0.73055,   0.01023,   0.59275,   0.01820,   0.05563,   0.03372,   0.43167,   0.02339,   0.43505,   0.02026,   0.57584,   0.03308,   0.47765,   0.13589,   0.38908,   0.00000,   0.26496,   0.00000,   0.13077,   0.70175,   0.38876,   0.39983,   0.49573,   0.25848,   0.64725,   0.28068,   0.06685,   0.12108,   0.15757,   0.30566,   0.10216,   0.65707,   0.05081,   0.65333,   0.50108,   0.72673,   0.01663,   0.52947,   0.00826,   0.08290,   0.01259,   0.43690,   0.00462,   0.28566,   0.01088,   0.32856,   0.01420,   0.38921,   0.27493,   0.46753,   0.00000,   0.08523,   0.00291,   0.13664,   0.67053,   0.42887,   0.31305,   0.31312,   0.26550,   0.69497,   0.09762,   0.01358,   0.21985,   0.22566,   0.30777,   0.03242
   0.00000,   0.65923,   0.39787,   0.35847,   0.61093,   0.60412,   0.45153,   0.49256,   0.28862,   0.50719,   0.14508,   0.44272,   0.25447,   0.32764,   0.33732,   0.20201,   0.09335,   0.49622,   0.33646,   0.42737,   0.19791,   0.19240,   0.35566,   0.20362,   0.65521,   0.45574,   0.52069,   0.30510,   0.29368,   0.58755,   0.55968,   0.45002,   0.43587,   0.00000,   0.34224,   0.47076,   0.63332,   0.05963,   0.34169,   0.61281,   0.61811,   0.07132,   0.65276,   0.15665,   0.07505,   0.01365,   0.46732,   0.01741,   0.27776,   0.15529,   0.19554,   0.00283,   0.60405,   0.29828,   0.39900,   0.10122,   0.18317,   0.01262,   0.25469,   0.65901,   0.64768,   0.64851,   0.28763,   0.14365,   0.58992,   0.16265,   0.00982,   0.23246,   0.09125,   0.56817,   0.01078
   0.00000,   0.66784,   0.03272,   0.49148,   0.66818,   0.72109,   0.00000,   0.38791,   0.01414,   0.01933,   0.02181,   0.34766,   0.01302,   0.55273,   0.01455,   0.59687,   0.00572,   0.29814,   0.38604,   0.48227,   0.00946,   0.40125,   0.00000,   0.03134,   0.73626,   0.51372,   0.27039,   0.68190,   0.37455,   0.61545,   0.19220,   0.01861,   0.04806,   0.29112,   0.14687,   0.04846,   0.70428,   0.11026,   0.54928,   0.63200,   0.67091,   0.00000,   0.36019,   0.02349,   0.08594,   0.09556,   0.44847,   0.00669,   0.44270,   0.03059,   0.44301,   0.02226,   0.29674,   0.55476,   0.35250,   0.00100,   0.24472,   0.00323,   0.16195,   0.69921,   0.57043,   0.25342,   0.68204,   0.47301,   0.66757,   0.06270,   0.02192,   0.17594,   0.10752,   0.36388,   0.00000
   0.00000,   0.64396,   0.10349,   0.49380,   0.58833,   0.56464,   0.00834,   0.61239,   0.06465,   0.04801,   0.12350,   0.57364,   0.05247,   0.30360,   0.13946,   0.44662,   0.07594,   0.51803,   0.51318,   0.36878,   0.01500,   0.11096,   0.00165,   0.23788,   0.65002,   0.54010,   0.54223,   0.34636,   0.22609,   0.57912,   0.46097,   0.18104,   0.20558,   0.45123,   0.20602,   0.29154,   0.62919,   0.20008,   0.44894,   0.38342,   0.56640,   0.04948,   0.55004,   0.11846,   0.13355,   0.14354,   0.61362,   0.08126,   0.29463,   0.16315,   0.36888,   0.09917,   0.56937,   0.59751,   0.19959,   0.00565,   0.13264,   0.01422,   0.49671,   0.55037,   0.55539,   0.55548,   0.34419,   0.28706,   0.43828,   0.28491,   0.25895,   0.44622,   0.04367,   0.28675,   0.28386
   0.00000,   0.66461,   0.22848,   0.52943,   0.67948,   0.69071,   0.03110,   0.52245,   0.13019,   0.22844,   0.16094,   0.49448,   0.14860,   0.48536,   0.16063,   0.39556,   0.08743,   0.44485,   0.65751,   0.57692,   0.00067,   0.47682,   0.00011,   0.17129,   0.71714,   0.52602,   0.34345,   0.60444,   0.45117,   0.69126,   0.30015,   0.18449,   0.27929,   0.31590,   0.18328,   0.20583,   0.71986,   0.31517,   0.50699,   0.61045,   0.69567,   0.09652,   0.45681,   0.18164,   0.09878,   0.21263,   0.70863,   0.05257,   0.25163,   0.10918,   0.12716,   0.20596,   0.57530,   0.70558,   0.47759,   0.00000,   0.40499,   0.00000,   0.28819,   0.73178,   0.64945,   0.49909,   0.48771,   0.34528,   0.59046,   0.06633,   0.33500,   0.52841,   0.09118,   0.43729,   0.30531
   0.00000,   0.73976,   0.10954,   0.54087,   0.71249,   0.67510,   0.09315,   0.50296,   0.19104,   0.06994,   0.07731,   0.65507,   0.08844,   0.35738,   0.21369,   0.04519,   0.08574,   0.64663,   0.55023,   0.60504,   0.01539,   0.43590,   0.03668,   0.27944,   0.71698,   0.68907,   0.60999,   0.53768,   0.49490,   0.65963,   0.03896,   0.19434,   0.19439,   0.32736,   0.49986,   0.25572,   0.65476,   0.00204,   0.47374,   0.54085,   0.66797,   0.15235,   0.29340,   0.00088,   0.00192,   0.00000,   0.57635,   0.05870,   0.41707,   0.09827,   0.19959,   0.00000,   0.57133,   0.48107,   0.35009,   0.09171,   0.25534,   0.00041,   0.08741,   0.67445,   0.64732,   0.43175,   0.44216,   0.18311,   0.49300,   0.02932,   0.00753,   0.03461,   0.08444,   0.34368,   0.00000
   0.00000,   0.66302,   0.02823,   0.45155,   0.67970,   0.66074,   0.03155,   0.44667,   0.00180,   0.00849,   0.00701,   0.51984,   0.00337,   0.47205,   0.02659,   0.41528,   0.00274,   0.35291,   0.35035,   0.45487,   0.28659,   0.35967,   0.00025,   0.19556,   0.71899,   0.51929,   0.52935,   0.52883,   0.34461,   0.60189,   0.45097,   0.03470,   0.16828,   0.22068,   0.35336,   0.13112,   0.69987,   0.10380,   0.49626,   0.69880,   0.67828,   0.04989,   0.46609,   0.01482,   0.07363,   0.02258,   0.54921,   0.01917,   0.48171,   0.02966,   0.50984,   0.00025,   0.40933,   0.42547,   0.52179,   0.37503,   0.36068,   0.00836,   0.23565,   0.70092,   0.65548,   0.48295,   0.70016,   0.41947,   0.67131,   0.09371,   0.06031,   0.18087,   0.23752,   0.03835,   0.10219
   0.00000,   0.70503,   0.07101,   0.60855,   0.69918,   0.74212,   0.13809,   0.51667,   0.01621,   0.04460,   0.01921,   0.55288,   0.01003,   0.52626,   0.19970,   0.25302,   0.01176,   0.38035,   0.52222,   0.60487,   0.14593,   0.46019,   0.03566,   0.12250,   0.73056,   0.44539,   0.41604,   0.67764,   0.39978,   0.66184,   0.31127,   0.11469,   0.10859,   0.11211,   0.33252,   0.19963,   0.68609,   0.02234,   0.61248,   0.66638,   0.72323,   0.12829,   0.33018,   0.02790,   0.00967,   0.00491,   0.40619,   0.03817,   0.55633,   0.10035,   0.62608,   0.00079,   0.38042,   0.41489,   0.59867,   0.05383,   0.33070,   0.01290,   0.03924,   0.69450,   0.51442,   0.21682,   0.64080,   0.29830,   0.69268,   0.02369,   0.00298,   0.04747,   0.12539,   0.35653,   0.00000
   0.00000,   0.64964,   0.01087,   0.49404,   0.63560,   0.64106,   0.21485,   0.56719,   0.00030,   0.01267,   0.00086,   0.59773,   0.04746,   0.49964,   0.16284,   0.36436,   0.00201,   0.52962,   0.42754,   0.51957,   0.01509,   0.44674,   0.00746,   0.34714,   0.65340,   0.49900,   0.48982,   0.51917,   0.42884,   0.60767,   0.18552,   0.03019,   0.17769,   0.23901,   0.05273,   0.14025,   0.70686,   0.02257,   0.53153,   0.68621,   0.66752,   0.19731,   0.44948,   0.01266,   0.01160,   0.00000,   0.62609,   0.03002,   0.41149,   0.10950,   0.40475,   0.00000,   0.49911,   0.46883,   0.63781,   0.25488,   0.54035,   0.02620,   0.21622,   0.66432,   0.62620,   0.39829,   0.60055,   0.55264,   0.63879,   0.01886,   0.01729,   0.15738,   0.16164,   0.08155,   0.00679
   0.00000,   0.65954,   0.01965,   0.46058,   0.64577,   0.57644,   0.14506,   0.58895,   0.01674,   0.03226,   0.00295,   0.34218,   0.01508,   0.34599,   0.07331,   0.23203,   0.00202,   0.58842,   0.45217,   0.37038,   0.03619,   0.21712,   0.00767,   0.13266,   0.63400,   0.53700,   0.28884,   0.43929,   0.48556,   0.63554,   0.21875,   0.05711,   0.12149,   0.08890,   0.06002,   0.33859,   0.57889,   0.23366,   0.37803,   0.39738,   0.50403,   0.17024,   0.57599,   0.25823,   0.18113,   0.15185,   0.51253,   0.11701,   0.05116,   0.27301,   0.05936,   0.06945,   0.60820,   0.56141,   0.02367,   0.00000,   0.01130,   0.01980,   0.50571,   0.49029,   0.48322,   0.49043,   0.29124,   0.19144,   0.40057,   0.44166,   0.25032,   0.48834,   0.04501,   0.46284,   0.29052
   0.00000,   0.63372,   0.19862,   0.19936,   0.37049,   0.41182,   0.02055,   0.45715,   0.14211,   0.10902,   0.15261,   0.57622,   0.06737,   0.63713,   0.18883,   0.49267,   0.08761,   0.41413,   0.37772,   0.56572,   0.00388,   0.58518,   0.00758,   0.54157,   0.29797,   0.53393,   0.41079,   0.71473,   0.53623,   0.32634,   0.29857,   0.20962,   0.40703,   0.33448,   0.00000,   0.22387,   0.55345,   0.50865,   0.21887,   0.36173,   0.37111,   0.02637,   0.60079,   0.40901,   0.31216,   0.46498,   0.58615,   0.06766,   0.55272,   0.14394,   0.59113,   0.24680,   0.62912,   0.49982,   0.47562,   0.23816,   0.49247,   0.00198,   0.46910,   0.27443,   0.36383,   0.56742,   0.68272,   0.50892,   0.41547,   0.53267,   0.37314,   0.54778,   0.36381,   0.44659,   0.37444
   0.00000,   0.59949,   0.01137,   0.59191,   0.72522,   0.72244,   0.00030,   0.42274,   0.01482,   0.00300,   0.01670,   0.51683,   0.00856,   0.54778,   0.01670,   0.26200,   0.00488,   0.29146,   0.54523,   0.51572,   0.02656,   0.32061,   0.00018,   0.05603,   0.71271,   0.46028,   0.26675,   0.61869,   0.28618,   0.71408,   0.07531,   0.01393,   0.00493,   0.09201,   0.48568,   0.05900,   0.66594,   0.05220,   0.40788,   0.54783,   0.70597,   0.01320,   0.35951,   0.00768,   0.00153,   0.00000,   0.45800,   0.00313,   0.41232,   0.01499,   0.18606,   0.00000,   0.39714,   0.57549,   0.35216,   0.01020,   0.28937,   0.00000,   0.18451,   0.69130,   0.60944,   0.24326,   0.59263,   0.22777,   0.52140,   0.00125,   0.00438,   0.11555,   0.08071,   0.23093,   0.00000
   0.00000,   0.67332,   0.03628,   0.49903,   0.67074,   0.70227,   0.01801,   0.40579,   0.03802,   0.02396,   0.00408,   0.52244,   0.00174,   0.50937,   0.03642,   0.52432,   0.00473,   0.29680,   0.64945,   0.46013,   0.00319,   0.25187,   0.00010,   0.10862,   0.71378,   0.62915,   0.33576,   0.55944,   0.26857,   0.59812,   0.27832,   0.07121,   0.11649,   0.23033,   0.09458,   0.09299,   0.71515,   0.06979,   0.59295,   0.71157,   0.71664,   0.04051,   0.32281,   0.01875,   0.03082,   0.00404,   0.41936,   0.01527,   0.52937,   0.04910,   0.54998,   0.00247,   0.25798,   0.51542,   0.62738,   0.02164,   0.31844,   0.00000,   0.09415,   0.70899,   0.65590,   0.22940,   0.64913,   0.60285,   0.68857,   0.04150,   0.02308,   0.14660,   0.11443,   0.03774,   0.00000
   0.00000,   0.57892,   0.02683,   0.41690,   0.59404,   0.58646,   0.03312,   0.35934,   0.00960,   0.02425,   0.01844,   0.34408,   0.01677,   0.37150,   0.08364,   0.34582,   0.00220,   0.10820,   0.55910,   0.42495,   0.28041,   0.32910,   0.00000,   0.04407,   0.65370,   0.37627,   0.29725,   0.40706,   0.40283,   0.58338,   0.12453,   0.02995,   0.05437,   0.30457,   0.18465,   0.02623,   0.62399,   0.06839,   0.37184,   0.58595,   0.58875,   0.01642,   0.63345,   0.17871,   0.02308,   0.01135,   0.42744,   0.01921,   0.36519,   0.20804,   0.36427,   0.00152,   0.61250,   0.56713,   0.38449,   0.27374,   0.27887,   0.00000,   0.25805,   0.64535,   0.63797,   0.49584,   0.37721,   0.28412,   0.60113,   0.00758,   0.04604,   0.17202,   0.26080,   0.48076,   0.10104
   0.00000,   0.68864,   0.01376,   0.56921,   0.69306,   0.69603,   0.01525,   0.61403,   0.00083,   0.02238,   0.00229,   0.35207,   0.00693,   0.59655,   0.18511,   0.31735,   0.00729,   0.50966,   0.32361,   0.64847,   0.47717,   0.43232,   0.00000,   0.15236,   0.71823,   0.43516,   0.19752,   0.64917,   0.54745,   0.69591,   0.16399,   0.01357,   0.04949,   0.14089,   0.30873,   0.03686,   0.62493,   0.12203,   0.50255,   0.60839,   0.65248,   0.02848,   0.59476,   0.03698,   0.16296,   0.05104,   0.54646,   0.09215,   0.42274,   0.08209,   0.35105,   0.02561,   0.56709,   0.42855,   0.48557,   0.09253,   0.40243,   0.00337,   0.13892,   0.67430,   0.56051,   0.46538,   0.50420,   0.38582,   0.62953,   0.06417,   0.02492,   0.34053,   0.28776,   0.26111,   0.00000
   0.00000,   0.72764,   0.09270,   0.70739,   0.76308,   0.77272,   0.09596,   0.69241,   0.06605,   0.09415,   0.07220,   0.48432,   0.01827,   0.42563,   0.06649,   0.32399,   0.03100,   0.36378,   0.42626,   0.54402,   0.02410,   0.30410,   0.01180,   0.27497,   0.76840,   0.59392,   0.17774,   0.52074,   0.34452,   0.75768,   0.06389,   0.15520,   0.21934,   0.16023,   0.36218,   0.41494,   0.74579,   0.15857,   0.71290,   0.64852,   0.76138,   0.30974,   0.64099,   0.03520,   0.20302,   0.06050,   0.62182,   0.09568,   0.31306,   0.12371,   0.28799,   0.07288,   0.58799,   0.56359,   0.55791,   0.19574,   0.23767,   0.00156,   0.36875,   0.74707,   0.68788,   0.48551,   0.53500,   0.34407,   0.73125,   0.15981,   0.04673,   0.27521,   0.05987,   0.19860,   0.21572
   1.00000,   0.66716,   0.13340,   0.35328,   0.55460,   0.56105,   0.08427,   0.58078,   0.04324,   0.03900,   0.09813,   0.57819,   0.01284,   0.65505,   0.01541,   0.62537,   0.02271,   0.43253,   0.53151,   0.51185,   0.04860,   0.58286,   0.00163,   0.17272,   0.59316,   0.57717,   0.26751,   0.62659,   0.45521,   0.49559,   0.13000,   0.10337,   0.10676,   0.20946,   0.31602,   0.41526,   0.60897,   0.06066,   0.32241,   0.40987,   0.56170,   0.06399,   0.52413,   0.00961,   0.01959,   0.00357,   0.59555,   0.01332,   0.50201,   0.02354,   0.50663,   0.00000,   0.41241,   0.57364,   0.36297,   0.10925,   0.24655,   0.00306,   0.12875,   0.59983,   0.60201,   0.29531,   0.42135,   0.22231,   0.46539,   0.02164,   0.07400,   0.08151,   0.50674,   0.48580,   0.06076
   1.00000,   0.61647,   0.01392,   0.49560,   0.63608,   0.54524,   0.10196,   0.40359,   0.02813,   0.00536,   0.00600,   0.42892,   0.01985,   0.44602,   0.13677,   0.28055,   0.00428,   0.31947,   0.53804,   0.59144,   0.00329,   0.50319,   0.01159,   0.28974,   0.53650,   0.59342,   0.20722,   0.61249,   0.39247,   0.57139,   0.15419,   0.01183,   0.03246,   0.19779,   0.03373,   0.00339,   0.54759,   0.24121,   0.38400,   0.25264,   0.45552,   0.06753,   0.61763,   0.16432,   0.14462,   0.20277,   0.53321,   0.05991,   0.22705,   0.14456,   0.35806,   0.09992,   0.58756,   0.51720,   0.11012,   0.00238,   0.03605,   0.02857,   0.53157,   0.41813,   0.43520,   0.51023,   0.29962,   0.20785,   0.32872,   0.53208,   0.27359,   0.50636,   0.06051,   0.25195,   0.21411
   1.00000,   0.66674,   0.03481,   0.58663,   0.69904,   0.73551,   0.10472,   0.58679,   0.00965,   0.03888,   0.04107,   0.47548,   0.01498,   0.40276,   0.03461,   0.27445,   0.03064,   0.48704,   0.46321,   0.52539,   0.01044,   0.07994,   0.00020,   0.22166,   0.72681,   0.56064,   0.31495,   0.32842,   0.29952,   0.66123,   0.17403,   0.03868,   0.23353,   0.08338,   0.41236,   0.13219,   0.70852,   0.03863,   0.59401,   0.67546,   0.72262,   0.05628,   0.60134,   0.00497,   0.03848,   0.00135,   0.59568,   0.01038,   0.21985,   0.04607,   0.15434,   0.00009,   0.57144,   0.36822,   0.47185,   0.00000,   0.07731,   0.00066,   0.12549,   0.69381,   0.60057,   0.31397,   0.17844,   0.34655,   0.63974,   0.04875,   0.00031,   0.15503,   0.04410,   0.23357,   0.01313
   1.00000,   0.64376,   0.12484,   0.52118,   0.63193,   0.66431,   0.02541,   0.64766,   0.00911,   0.07477,   0.08308,   0.42904,   0.04667,   0.46930,   0.07149,   0.42765,   0.07858,   0.37395,   0.61011,   0.47781,   0.00128,   0.43320,   0.00084,   0.16522,   0.67745,   0.59082,   0.30391,   0.56216,   0.38959,   0.60104,   0.26280,   0.05917,   0.14670,   0.35702,   0.33246,   0.28454,   0.70584,   0.02049,   0.58839,   0.67777,   0.69538,   0.02091,   0.61439,   0.00371,   0.02331,   0.00000,   0.55061,   0.04599,   0.51308,   0.07343,   0.54223,   0.00000,   0.43211,   0.34408,   0.63109,   0.10152,   0.61677,   0.00457,   0.08261,   0.68432,   0.55648,   0.20415,   0.71721,   0.53618,   0.67312,   0.02748,   0.00000,   0.11322,   0.21083,   0.31988,   0.00161
   1.00000,   0.63128,   0.14610,   0.60993,   0.70468,   0.68022,   0.13213,   0.43650,   0.12752,   0.22646,   0.13229,   0.38363,   0.12495,   0.52179,   0.23362,   0.38138,   0.04922,   0.34525,   0.44918,   0.69073,   0.22285,   0.54259,   0.11486,   0.17435,   0.69454,   0.45179,   0.37141,   0.56788,   0.62335,   0.65370,   0.31066,   0.17138,   0.27191,   0.07680,   0.10500,   0.26710,   0.66002,   0.21874,   0.50649,   0.64704,   0.66337,   0.06901,   0.49799,   0.02404,   0.29104,   0.03377,   0.54011,   0.04682,   0.36163,   0.12818,   0.22046,   0.10084,   0.62944,   0.41998,   0.59774,   0.09067,   0.43768,   0.00026,   0.29990,   0.66174,   0.62574,   0.52249,   0.42550,   0.39585,   0.61230,   0.25279,   0.05659,   0.45123,   0.11455,   0.18531,   0.28962
   1.00000,   0.65713,   0.05838,   0.57026,   0.65845,   0.74985,   0.02986,   0.45139,   0.07994,   0.08074,   0.04672,   0.42281,   0.06875,   0.41991,   0.39661,   0.37167,   0.03663,   0.35374,   0.57816,   0.33657,   0.01178,   0.27274,   0.01020,   0.30292,   0.72718,   0.57209,   0.30792,   0.46047,   0.27240,   0.58569,   0.22300,   0.03689,   0.20337,   0.13510,   0.21366,   0.01637,   0.64107,   0.04408,   0.61309,   0.59084,   0.70889,   0.05945,   0.31266,   0.09085,   0.04178,   0.00646,   0.62768,   0.01930,   0.39121,   0.28123,   0.33491,   0.00000,   0.30224,   0.49658,   0.56276,   0.17003,   0.20120,   0.00709,   0.19428,   0.69118,   0.44151,   0.15640,   0.57670,   0.29448,   0.67948,   0.09904,   0.00648,   0.12338,   0.14194,   0.35516,   0.00000
   1.00000,   0.60401,   0.02148,   0.34391,   0.56910,   0.63029,   0.05163,   0.59836,   0.03014,   0.02951,   0.01906,   0.37103,   0.02476,   0.45638,   0.09494,   0.36260,   0.00861,   0.51746,   0.61315,   0.35768,   0.08323,   0.18521,   0.00698,   0.02801,   0.65636,   0.51352,   0.22772,   0.60031,   0.21135,   0.61782,   0.18981,   0.05974,   0.04123,   0.47859,   0.20577,   0.07431,   0.64545,   0.42612,   0.44031,   0.27172,   0.60709,   0.29509,   0.40837,   0.32895,   0.38887,   0.32013,   0.54413,   0.32597,   0.13630,   0.32533,   0.25128,   0.27337,   0.42944,   0.60557,   0.04353,   0.00000,   0.02757,   0.18710,   0.50430,   0.58296,   0.46485,   0.47897,   0.42272,   0.16042,   0.53294,   0.49906,   0.40329,   0.49632,   0.20550,   0.49034,   0.45259
   1.00000,   0.69052,   0.06425,   0.58825,   0.68554,   0.70003,   0.14244,   0.40192,   0.07337,   0.00267,   0.05986,   0.38097,   0.00100,   0.55670,   0.02072,   0.52175,   0.00540,   0.22349,   0.67738,   0.59136,   0.01346,   0.55675,   0.00000,   0.18224,   0.71308,   0.66149,   0.27141,   0.62664,   0.50794,   0.70235,   0.18461,   0.14168,   0.09064,   0.26889,   0.02089,   0.09458,   0.65168,   0.10067,   0.47934,   0.60299,   0.68469,   0.14208,   0.38082,   0.05544,   0.02947,   0.04223,   0.41911,   0.02333,   0.41366,   0.01697,   0.43051,   0.01626,   0.32482,   0.63446,   0.53711,   0.02086,   0.45018,   0.00000,   0.23758,   0.68483,   0.61590,   0.17815,   0.66555,   0.36065,   0.56995,   0.10101,   0.16217,   0.27388,   0.18347,   0.11215,   0.00000
   1.00000,   0.72035,   0.08000,   0.59259,   0.71040,   0.67957,   0.02972,   0.59222,   0.08169,   0.01628,   0.05499,   0.48292,   0.00461,   0.61994,   0.04450,   0.57007,   0.05497,   0.54158,   0.44834,   0.65725,   0.19356,   0.50553,   0.00000,   0.16942,   0.70012,   0.60468,   0.35013,   0.67393,   0.58049,   0.68943,   0.24328,   0.11954,   0.08650,   0.46984,   0.00000,   0.21969,   0.65192,   0.08728,   0.54735,   0.63131,   0.66671,   0.02221,   0.63557,   0.00948,   0.07052,   0.01336,   0.53132,   0.01529,   0.46859,   0.01869,   0.32701,   0.00000,   0.50303,   0.52988,   0.60518,   0.13696,   0.26184,   0.00951,   0.16850,   0.69117,   0.58308,   0.29804,   0.45750,   0.28499,   0.65376,   0.02811,   0.02040,   0.20222,   0.29818,   0.00810,   0.03725
   1.00000,   0.61287,   0.14847,   0.35779,   0.57376,   0.69989,   0.05580,   0.37091,   0.13989,   0.07995,   0.09396,   0.55294,   0.02377,   0.55245,   0.09083,   0.48442,   0.06759,   0.27762,   0.63784,   0.41074,   0.00250,   0.16175,   0.03324,   0.30035,   0.68576,   0.60948,   0.24918,   0.62661,   0.17344,   0.52945,   0.13237,   0.13028,   0.20990,   0.17571,   0.30715,   0.00127,   0.68383,   0.01548,   0.52694,   0.67854,   0.69929,   0.02520,   0.37870,   0.00000,   0.00334,   0.00000,   0.58490,   0.00433,   0.52614,   0.00430,   0.46509,   0.00000,   0.17933,   0.64842,   0.50328,   0.00373,   0.26633,   0.00000,   0.49575,   0.67955,   0.65948,   0.19841,   0.70186,   0.24188,   0.65270,   0.16360,   0.01198,   0.18817,   0.09726,   0.33678,   0.00000
   1.00000,   0.62066,   0.01912,   0.60285,   0.67570,   0.70618,   0.02557,   0.43292,   0.00040,   0.00000,   0.00035,   0.28707,   0.00129,   0.50521,   0.03203,   0.07717,   0.00000,   0.33317,   0.54764,   0.43170,   0.00314,   0.12918,   0.00000,   0.08827,   0.67461,   0.52715,   0.17549,   0.48004,   0.17253,   0.70040,   0.15758,   0.04251,   0.00848,   0.22312,   0.36642,   0.02235,   0.65204,   0.04621,   0.37233,   0.57324,   0.69331,   0.02208,   0.44066,   0.00051,   0.00080,   0.00000,   0.53401,   0.01331,   0.36082,   0.03566,   0.31002,   0.00000,   0.37322,   0.52902,   0.38155,   0.00971,   0.14677,   0.00096,   0.07801,   0.68721,   0.61053,   0.15765,   0.37003,   0.08254,   0.49962,   0.01162,   0.03606,   0.01474,   0.04336,   0.13253,   0.00000
   1.00000,   0.62007,   0.01583,   0.49818,   0.66542,   0.57142,   0.03117,   0.52489,   0.00197,   0.00618,   0.00069,   0.24619,   0.00290,   0.56456,   0.00746,   0.32645,   0.00585,   0.34049,   0.55169,   0.47053,   0.02466,   0.42559,   0.00040,   0.12031,   0.56362,   0.54425,   0.18858,   0.58979,   0.20772,   0.64480,   0.14952,   0.02654,   0.09305,   0.36747,   0.40318,   0.02508,   0.57412,   0.33676,   0.31816,   0.30952,   0.48762,   0.06352,   0.62433,   0.19291,   0.30217,   0.20670,   0.52905,   0.11385,   0.24858,   0.05780,   0.40513,   0.18151,   0.65145,   0.50272,   0.04664,   0.01352,   0.09998,   0.08374,   0.53726,   0.44105,   0.47185,   0.51308,   0.44926,   0.01420,   0.33933,   0.41992,   0.32547,   0.50829,   0.34815,   0.42464,   0.28447
   1.00000,   0.64837,   0.06720,   0.40092,   0.63048,   0.61859,   0.02840,   0.58720,   0.05939,   0.05285,   0.06784,   0.51088,   0.00286,   0.47562,   0.05358,   0.35124,   0.06702,   0.42806,   0.62639,   0.44612,   0.00520,   0.26760,   0.01247,   0.14484,   0.66290,   0.59709,   0.36926,   0.52708,   0.28863,   0.62558,   0.26956,   0.10611,   0.07479,   0.18814,   0.21077,   0.14079,   0.66169,   0.45717,   0.47507,   0.46081,   0.60995,   0.04222,   0.53791,   0.29531,   0.23379,   0.24308,   0.67266,   0.08219,   0.18372,   0.21300,   0.23098,   0.20753,   0.60279,   0.60109,   0.42390,   0.00000,   0.39429,   0.04952,   0.51768,   0.59931,   0.60756,   0.59862,   0.46421,   0.23419,   0.56458,   0.36717,   0.40604,   0.55109,   0.10392,   0.48319,   0.21866
   1.00000,   0.71043,   0.04044,   0.57820,   0.68566,   0.73215,   0.04002,   0.61330,   0.17746,   0.00287,   0.04413,   0.52554,   0.00144,   0.48176,   0.18027,   0.35205,   0.00713,   0.56745,   0.69420,   0.54384,   0.02490,   0.39707,   0.00387,   0.20123,   0.72668,   0.64548,   0.12555,   0.64990,   0.42001,   0.71438,   0.24714,   0.03895,   0.11150,   0.09131,   0.66209,   0.09402,   0.69883,   0.13614,   0.42854,   0.55382,   0.70792,   0.00698,   0.61352,   0.14573,   0.01371,   0.03682,   0.49335,   0.00184,   0.46263,   0.19006,   0.45684,   0.00212,   0.58585,   0.64373,   0.47814,   0.00104,   0.20714,   0.00307,   0.25415,   0.70804,   0.63078,   0.26252,   0.52369,   0.17948,   0.53590,   0.04173,   0.06837,   0.31007,   0.04630,   0.48862,   0.04982
   1.00000,   0.65732,   0.01661,   0.59240,   0.67908,   0.73885,   0.06854,   0.56772,   0.01711,   0.01428,   0.01303,   0.63459,   0.00652,   0.53439,   0.05680,   0.36994,   0.00822,   0.45407,   0.69621,   0.44269,   0.00444,   0.22636,   0.01373,   0.30106,   0.73236,   0.61284,   0.30311,   0.45145,   0.12186,   0.72000,   0.21087,   0.01701,   0.13449,   0.19592,   0.14434,   0.03459,   0.69967,   0.01165,   0.58463,   0.61460,   0.71183,   0.11007,   0.50624,   0.02636,   0.09098,   0.02857,   0.60636,   0.00240,   0.49145,   0.09488,   0.45172,   0.01735,   0.40564,   0.61473,   0.49853,   0.02868,   0.21918,   0.00764,   0.26380,   0.71961,   0.60838,   0.16628,   0.37990,   0.10893,   0.67261,   0.07183,   0.01712,   0.23538,   0.25374,   0.52666,   0.00953
   1.00000,   0.67811,   0.07518,   0.59297,   0.70646,   0.68786,   0.00074,   0.55606,   0.03850,   0.08680,   0.06160,   0.35701,   0.05224,   0.51252,   0.16589,   0.25477,   0.06921,   0.48636,   0.48689,   0.65503,   0.11048,   0.41167,   0.02360,   0.20278,   0.71524,   0.58621,   0.22714,   0.64604,   0.52537,   0.70738,   0.21590,   0.05637,   0.09973,   0.02716,   0.23619,   0.09436,   0.62978,   0.17463,   0.51962,   0.59906,   0.66120,   0.00105,   0.60166,   0.11065,   0.13985,   0.13880,   0.56045,   0.06925,   0.33831,   0.29374,   0.26872,   0.11866,   0.55511,   0.58625,   0.36356,   0.25476,   0.15337,   0.00000,   0.13335,   0.65310,   0.56890,   0.31902,   0.37800,   0.15445,   0.62253,   0.06215,   0.01023,   0.19339,   0.21884,   0.42434,   0.00872
   1.00000,   0.64546,   0.04621,   0.49416,   0.70926,   0.68389,   0.03798,   0.53076,   0.00345,   0.08620,   0.01607,   0.60560,   0.00927,   0.31971,   0.07187,   0.26105,   0.01858,   0.33171,   0.61257,   0.49568,   0.12362,   0.36953,   0.00000,   0.15419,   0.72492,   0.64405,   0.36132,   0.65878,   0.39083,   0.71075,   0.41158,   0.06455,   0.15057,   0.04442,   0.35801,   0.13472,   0.61572,   0.09359,   0.38558,   0.54686,   0.65522,   0.03501,   0.62673,   0.02377,   0.06192,   0.02085,   0.58204,   0.03395,   0.33658,   0.04490,   0.22337,   0.00741,   0.50875,   0.60261,   0.37770,   0.00000,   0.13314,   0.00000,   0.13685,   0.66564,   0.60942,   0.51988,   0.38453,   0.21296,   0.59960,   0.08476,   0.02976,   0.21928,   0.03562,   0.09294,   0.02926
   1.00000,   0.65025,   0.03978,   0.39670,   0.63973,   0.68374,   0.01022,   0.64513,   0.04036,   0.01977,   0.03783,   0.44661,   0.02501,   0.50548,   0.04935,   0.33846,   0.00102,   0.60757,   0.66371,   0.29027,   0.15492,   0.33645,   0.02370,   0.06528,   0.68139,   0.65483,   0.25198,   0.44408,   0.19017,   0.60277,   0.35002,   0.02807,   0.05296,   0.12651,   0.22836,   0.08501,   0.69811,   0.01903,   0.48060,   0.70641,   0.69155,   0.00793,   0.66561,   0.00972,   0.00993,   0.01416,   0.57169,   0.00570,   0.49863,   0.01850,   0.53272,   0.00000,   0.54961,   0.66538,   0.63145,   0.04714,   0.42758,   0.00000,   0.02147,   0.69159,   0.68219,   0.43277,   0.64845,   0.52708,   0.63426,   0.00277,   0.00341,   0.02461,   0.22371,   0.18717,   0.00886
   1.00000,   0.65053,   0.54275,   0.39807,   0.50528,   0.58709,   0.30042,   0.73591,   0.17085,   0.60198,   0.20597,   0.66834,   0.37723,   0.16321,   0.12391,   0.24337,   0.47115,   0.70643,   0.60572,   0.24801,   0.00000,   0.27380,   0.01667,   0.32403,   0.57067,   0.47692,   0.63924,   0.38894,   0.22928,   0.46100,   0.62273,   0.56626,   0.62718,   0.03039,   0.25690,   0.44242,   0.66473,   0.52569,   0.46723,   0.70053,   0.61749,   0.43761,   0.73173,   0.08867,   0.50118,   0.17229,   0.66511,   0.08176,   0.19576,   0.07752,   0.24865,   0.49404,   0.70695,   0.63314,   0.48215,   0.00000,   0.38890,   0.00290,   0.46333,   0.68330,   0.70911,   0.55413,   0.43585,   0.45714,   0.61139,   0.45339,   0.54838,   0.66509,   0.02668,   0.45813,   0.53968
   1.00000,   0.63196,   0.11450,   0.43344,   0.62795,   0.67774,   0.05288,   0.51209,   0.11418,   0.04017,   0.10919,   0.56268,   0.00995,   0.47461,   0.01831,   0.50117,   0.01935,   0.25762,   0.65488,   0.35755,   0.02081,   0.26800,   0.01575,   0.38131,   0.66154,   0.61483,   0.41347,   0.60770,   0.28714,   0.51330,   0.26507,   0.13525,   0.33535,   0.01030,   0.41970,   0.15304,   0.72210,   0.04683,   0.47091,   0.64661,   0.69364,   0.07003,   0.37877,   0.04548,   0.00348,   0.05703,   0.58711,   0.01442,   0.50463,   0.01720,   0.58329,   0.00000,   0.29660,   0.63601,   0.48747,   0.08441,   0.39316,   0.00070,   0.25142,   0.68662,   0.65171,   0.24334,   0.64144,   0.46598,   0.61229,   0.10222,   0.00082,   0.34313,   0.26506,   0.43483,   0.00069
   1.00000,   0.63213,   0.29722,   0.51192,   0.53504,   0.60428,   0.07949,   0.54787,   0.28420,   0.17167,   0.26351,   0.56010,   0.14997,   0.16151,   0.24300,   0.07265,   0.18968,   0.59872,   0.56096,   0.44290,   0.00040,   0.16715,   0.00272,   0.21254,   0.59624,   0.60959,   0.44931,   0.34061,   0.32940,   0.50518,   0.39605,   0.37589,   0.23825,   0.49239,   0.51065,   0.56391,   0.66543,   0.13931,   0.55501,   0.66646,   0.61657,   0.11070,   0.49612,   0.01708,   0.01044,   0.02787,   0.51065,   0.01993,   0.39930,   0.19266,   0.28781,   0.00388,   0.51238,   0.59968,   0.61737,   0.02356,   0.58117,   0.01069,   0.23606,   0.65751,   0.65413,   0.28930,   0.58491,   0.47121,   0.65445,   0.01642,   0.04803,   0.17787,   0.01284,   0.48264,   0.08260
   1.00000,   0.65236,   0.27817,   0.38411,   0.58981,   0.66878,   0.11804,   0.51504,   0.03857,   0.14855,   0.17100,   0.57813,   0.05009,   0.43277,   0.02287,   0.32912,   0.20101,   0.43081,   0.66799,   0.43113,   0.00047,   0.29026,   0.00619,   0.22082,   0.68600,   0.59516,   0.34276,   0.49115,   0.22801,   0.58845,   0.22480,   0.29067,   0.29443,   0.26746,   0.28944,   0.00555,   0.71781,   0.03615,   0.47996,   0.66144,   0.69442,   0.26452,   0.48898,   0.01731,   0.11678,   0.00757,   0.64758,   0.01151,   0.48234,   0.03236,   0.48611,   0.00882,   0.44772,   0.69637,   0.52219,   0.00000,   0.40885,   0.00319,   0.27558,   0.71189,   0.70821,   0.29810,   0.65222,   0.17685,   0.65767,   0.08241,   0.00279,   0.27394,   0.09837,   0.09561,   0.02582
   1.00000,   0.60613,   0.02788,   0.55592,   0.69398,   0.64166,   0.02698,   0.39867,   0.00068,   0.04555,   0.00828,   0.32923,   0.01875,   0.51274,   0.07143,   0.30016,   0.00673,   0.41778,   0.42134,   0.67487,   0.07820,   0.19023,   0.01640,   0.13541,   0.68477,   0.52977,   0.13801,   0.60381,   0.57753,   0.65585,   0.11328,   0.04006,   0.06665,   0.14840,   0.00820,   0.06225,   0.63264,   0.07459,   0.47583,   0.59569,   0.62099,   0.02381,   0.54267,   0.01782,   0.05976,   0.02803,   0.45537,   0.04225,   0.25746,   0.04389,   0.35819,   0.03405,   0.43295,   0.51454,   0.46357,   0.00000,   0.29704,   0.00973,   0.16096,   0.65840,   0.59876,   0.27399,   0.48510,   0.31668,   0.60007,   0.03986,   0.04129,   0.19781,   0.12201,   0.00300,   0.14870
   1.00000,   0.71346,   0.09174,   0.69662,   0.69736,   0.76217,   0.08268,   0.54884,   0.03480,   0.01655,   0.07408,   0.49667,   0.00815,   0.43303,   0.10098,   0.27867,   0.03718,   0.44274,   0.62218,   0.41330,   0.02134,   0.22429,   0.25748,   0.18563,   0.75412,   0.59589,   0.29080,   0.56686,   0.28913,   0.75102,   0.16664,   0.07811,   0.10079,   0.35780,   0.27960,   0.17275,   0.70586,   0.03636,   0.66847,   0.69191,   0.75608,   0.12409,   0.52332,   0.03440,   0.01833,   0.00234,   0.53003,   0.01476,   0.34469,   0.06871,   0.30410,   0.00000,   0.44012,   0.63741,   0.27434,   0.02834,   0.14831,   0.00523,   0.17367,   0.73212,   0.58082,   0.14242,   0.46182,   0.27126,   0.72452,   0.04549,   0.00356,   0.06126,   0.19810,   0.41455,   0.00107
   1.00000,   0.68301,   0.02534,   0.54982,   0.68793,   0.67125,   0.12536,   0.44987,   0.01682,   0.00333,   0.01208,   0.43055,   0.00434,   0.51533,   0.03763,   0.39535,   0.00340,   0.32834,   0.65060,   0.36409,   0.00823,   0.27811,   0.00215,   0.08396,   0.69317,   0.65078,   0.21178,   0.55146,   0.29220,   0.62208,   0.13646,   0.02593,   0.04647,   0.13001,   0.46710,   0.14817,   0.64072,   0.02213,   0.48965,   0.56361,   0.66383,   0.09821,   0.41348,   0.02005,   0.00063,   0.00238,   0.42158,   0.00076,   0.51757,   0.01754,   0.40742,   0.00055,   0.37280,   0.62142,   0.37083,   0.00047,   0.23575,   0.00014,   0.09483,   0.67261,   0.59258,   0.13146,   0.44498,   0.19677,   0.56353,   0.01026,   0.00093,   0.02855,   0.20656,   0.43019,   0.00029
   1.00000,   0.64810,   0.00254,   0.31627,   0.48233,   0.61922,   0.05193,   0.30275,   0.02110,   0.00121,   0.00000,   0.52772,   0.00494,   0.55829,   0.04245,   0.53678,   0.06126,   0.20263,   0.64847,   0.40082,   0.00051,   0.25511,   0.00339,   0.40900,   0.63000,   0.62340,   0.28741,   0.58046,   0.20939,   0.52177,   0.27726,   0.16486,   0.32118,   0.28463,   0.45957,   0.02596,   0.67973,   0.05382,   0.28752,   0.50454,   0.62147,   0.09159,   0.32725,   0.00167,   0.00000,   0.00245,   0.66963,   0.02022,   0.59050,   0.09595,   0.63213,   0.01057,   0.27095,   0.64282,   0.64956,   0.02834,   0.59546,   0.00000,   0.49176,   0.63560,   0.61548,   0.21033,   0.69709,   0.53985,   0.57596,   0.11543,   0.04318,   0.15598,   0.36764,   0.47926,   0.04998
   1.00000,   0.66703,   0.09336,   0.44792,   0.67767,   0.70905,   0.04750,   0.59769,   0.03794,   0.05860,   0.06105,   0.44080,   0.05492,   0.55093,   0.01737,   0.42795,   0.04889,   0.39543,   0.45354,   0.45281,   0.00604,   0.30709,   0.00526,   0.16956,   0.71042,   0.58942,   0.43435,   0.66806,   0.20327,   0.62259,   0.34689,   0.10185,   0.11145,   0.43975,   0.48769,   0.26289,   0.69270,   0.22460,   0.55227,   0.67670,   0.69866,   0.02461,   0.33585,   0.05366,   0.02111,   0.05314,   0.48437,   0.01275,   0.55194,   0.02113,   0.56509,   0.00183,   0.34472,   0.50477,   0.44245,   0.06379,   0.32028,   0.00024,   0.07346,   0.68205,   0.63916,   0.24785,   0.65828,   0.18402,   0.69022,   0.03046,   0.03048,   0.22103,   0.32159,   0.23129,   0.03768
   1.00000,   0.61760,   0.01274,   0.19859,   0.51037,   0.53489,   0.14714,   0.46508,   0.00072,   0.01368,   0.00409,   0.38426,   0.02192,   0.42277,   0.03297,   0.38258,   0.00561,   0.23749,   0.65304,   0.26744,   0.04591,   0.15602,   0.01129,   0.19490,   0.64464,   0.57388,   0.30840,   0.41783,   0.15107,   0.45784,   0.19663,   0.01404,   0.12343,   0.23795,   0.48406,   0.09986,   0.61621,   0.03564,   0.17543,   0.39413,   0.56867,   0.11248,   0.39214,   0.00143,   0.01031,   0.00833,   0.55068,   0.01778,   0.62394,   0.05877,   0.53279,   0.00176,   0.22451,   0.51228,   0.32159,   0.49962,   0.26294,   0.00000,   0.10430,   0.59868,   0.54257,   0.13292,   0.62099,   0.26234,   0.33825,   0.02254,   0.07330,   0.12810,   0.49150,   0.47276,   0.01166
   1.00000,   0.68876,   0.08383,   0.57822,   0.71975,   0.73579,   0.02362,   0.59880,   0.05684,   0.04096,   0.05718,   0.49876,   0.07809,   0.45017,   0.00923,   0.45779,   0.01421,   0.39591,   0.67104,   0.49207,   0.00091,   0.40618,   0.00192,   0.35997,   0.74755,   0.64596,   0.41138,   0.61755,   0.42918,   0.69575,   0.23763,   0.06219,   0.13121,   0.18623,   0.40584,   0.22082,   0.70878,   0.16819,   0.49839,   0.64641,   0.73021,   0.02174,   0.61076,   0.03207,   0.04166,   0.03221,   0.58275,   0.01645,   0.43644,   0.00975,   0.51258,   0.00736,   0.38472,   0.64358,   0.44766,   0.02670,   0.39235,   0.00000,   0.09876,   0.72976,   0.64581,   0.29051,   0.54632,   0.34703,   0.68099,   0.06554,   0.03612,   0.27936,   0.23650,   0.40837,   0.11997
   1.00000,   0.65659,   0.05353,   0.44835,   0.67577,   0.55228,   0.02029,   0.41739,   0.03467,   0.02932,   0.04286,   0.46587,   0.01597,   0.48226,   0.08729,   0.34381,   0.01506,   0.20075,   0.56036,   0.53669,   0.01862,   0.44501,   0.00000,   0.13815,   0.63179,   0.53283,   0.24934,   0.60043,   0.50967,   0.65402,   0.21568,   0.06594,   0.12557,   0.24747,   0.25994,   0.13906,   0.61663,   0.23576,   0.39156,   0.49390,   0.49741,   0.03858,   0.61990,   0.25166,   0.07372,   0.21494,   0.58539,   0.06962,   0.15789,   0.31327,   0.19505,   0.12025,   0.65975,   0.60122,   0.31205,   0.08322,   0.16750,   0.02639,   0.33098,   0.55931,   0.57776,   0.58130,   0.30157,   0.13519,   0.48307,   0.03259,   0.29706,   0.35651,   0.09511,   0.53537,   0.31406
   1.00000,   0.67043,   0.11927,   0.51811,   0.66568,   0.63163,   0.08836,   0.64377,   0.12200,   0.03503,   0.10944,   0.49975,   0.01928,   0.60301,   0.02059,   0.50432,   0.02798,   0.54884,   0.65940,   0.36791,   0.02276,   0.39657,   0.00468,   0.09859,   0.65062,   0.63788,   0.36406,   0.58830,   0.18493,   0.63337,   0.35600,   0.12020,   0.13996,   0.26381,   0.04447,   0.12569,   0.68968,   0.18407,   0.51229,   0.52630,   0.65127,   0.15154,   0.56319,   0.06068,   0.07693,   0.09149,   0.58293,   0.02235,   0.12756,   0.00729,   0.29424,   0.04413,   0.59859,   0.67502,   0.22441,   0.00306,   0.08551,   0.00037,   0.56594,   0.65410,   0.64840,   0.52191,   0.37799,   0.10859,   0.52569,   0.44728,   0.26285,   0.58087,   0.02353,   0.33910,   0.27870
   1.00000,   0.59252,   0.03667,   0.31649,   0.59239,   0.47327,   0.05370,   0.55931,   0.00387,   0.07372,   0.01666,   0.47159,   0.00600,   0.26240,   0.00429,   0.09506,   0.03245,   0.46762,   0.47416,   0.35569,   0.11216,   0.19081,   0.00188,   0.26312,   0.60696,   0.54280,   0.34541,   0.20669,   0.19237,   0.54384,   0.26822,   0.08485,   0.16758,   0.00000,   0.26717,   0.14114,   0.63393,   0.48736,   0.32806,   0.52944,   0.47641,   0.52012,   0.69901,   0.31057,   0.37877,   0.48455,   0.50523,   0.32259,   0.31098,   0.11375,   0.28183,   0.50070,   0.67694,   0.32551,   0.44151,   0.18550,   0.29471,   0.34943,   0.21628,   0.52881,   0.44071,   0.47546,   0.22538,   0.31745,   0.53180,   0.30620,   0.46665,   0.26268,   0.02110,   0.21301,   0.33179
   1.00000,   0.67807,   0.14049,   0.50134,   0.57535,   0.58982,   0.06875,   0.65446,   0.06039,   0.09134,   0.07094,   0.48428,   0.04166,   0.21356,   0.16988,   0.20415,   0.05846,   0.63963,   0.62238,   0.45794,   0.00443,   0.15546,   0.01464,   0.51184,   0.60968,   0.58484,   0.54176,   0.46304,   0.36364,   0.53115,   0.48670,   0.25738,   0.34459,   0.29002,   0.38496,   0.25149,   0.67248,   0.13180,   0.49648,   0.61208,   0.60155,   0.05032,   0.70580,   0.11733,   0.04661,   0.11937,   0.46689,   0.06362,   0.21203,   0.10587,   0.29094,   0.08291,   0.66568,   0.56329,   0.45293,   0.00000,   0.20891,   0.00153,   0.20605,   0.67889,   0.62500,   0.54170,   0.37298,   0.24311,   0.60003,   0.03366,   0.29013,   0.27828,   0.13779,   0.30540,   0.20772
   1.00000,   0.70400,   0.06321,   0.49018,   0.66882,   0.63315,   0.05122,   0.51778,   0.12330,   0.02315,   0.05471,   0.39552,   0.01393,   0.54797,   0.21127,   0.38362,   0.05968,   0.52386,   0.66323,   0.53882,   0.00000,   0.48791,   0.01222,   0.07934,   0.67146,   0.60855,   0.23460,   0.59594,   0.44739,   0.63903,   0.16061,   0.08894,   0.04321,   0.04539,   0.53494,   0.12527,   0.66767,   0.27546,   0.39548,   0.47702,   0.61249,   0.06048,   0.53869,   0.19894,   0.08993,   0.21456,   0.60989,   0.06100,   0.16787,   0.18830,   0.30011,   0.17458,   0.66031,   0.63407,   0.27174,   0.02132,   0.18298,   0.00932,   0.39561,   0.64658,   0.63008,   0.43395,   0.50800,   0.14080,   0.52390,   0.07957,   0.31615,   0.30841,   0.03496,   0.53590,   0.32717
   1.00000,   0.64050,   0.06184,   0.57670,   0.63130,   0.70308,   0.17007,   0.52194,   0.03215,   0.00592,   0.03752,   0.36743,   0.00605,   0.55194,   0.03020,   0.21638,   0.01808,   0.37043,   0.49533,   0.54993,   0.54027,   0.52040,   0.00446,   0.09103,   0.70534,   0.48403,   0.24398,   0.61845,   0.40924,   0.69974,   0.18262,   0.06414,   0.06292,   0.10506,   0.34599,   0.15355,   0.64119,   0.01792,   0.45049,   0.58718,   0.67850,   0.09421,   0.40641,   0.00178,   0.00074,   0.00010,   0.44817,   0.01208,   0.30076,   0.03805,   0.27869,   0.00000,   0.34470,   0.46962,   0.53368,   0.09570,   0.36822,   0.00000,   0.02970,   0.65406,   0.49956,   0.16907,   0.55281,   0.37132,   0.56176,   0.01192,   0.01188,   0.10535,   0.09296,   0.01916,   0.00000
   1.00000,   0.67289,   0.03549,   0.42313,   0.64735,   0.67450,   0.03326,   0.59525,   0.01933,   0.00232,   0.00674,   0.43980,   0.00246,   0.38863,   0.03349,   0.24622,   0.00000,   0.55260,   0.59117,   0.44824,   0.02202,   0.27742,   0.00110,   0.05418,   0.70447,   0.60367,   0.31309,   0.51060,   0.20587,   0.52291,   0.16507,   0.03799,   0.04207,   0.16382,   0.16665,   0.30204,   0.69442,   0.04289,   0.49032,   0.68745,   0.69066,   0.02251,   0.52797,   0.00022,   0.00282,   0.00000,   0.51855,   0.00107,   0.25553,   0.01044,   0.40318,   0.00000,   0.48345,   0.52300,   0.56076,   0.00121,   0.28876,   0.00000,   0.15524,   0.67090,   0.58051,   0.26019,   0.61337,   0.34876,   0.66461,   0.00650,   0.00290,   0.04338,   0.09314,   0.01824,   0.00071
   1.00000,   0.54037,   0.40894,   0.36393,   0.29315,   0.37479,   0.24952,   0.36046,   0.43865,   0.19549,   0.42484,   0.51862,   0.22909,   0.62463,   0.27900,   0.55268,   0.33071,   0.46677,   0.54109,   0.46367,   0.02730,   0.58086,   0.21704,   0.50283,   0.40708,   0.43484,   0.49468,   0.64993,   0.50443,   0.37153,   0.23045,   0.41440,   0.42478,   0.62987,   0.44605,   0.54756,   0.47240,   0.11415,   0.33227,   0.50010,   0.37436,   0.06197,   0.52844,   0.05704,   0.19025,   0.05374,   0.65285,   0.05923,   0.48174,   0.15711,   0.47639,   0.03127,   0.42750,   0.51515,   0.53807,   0.09189,   0.58521,   0.08665,   0.50425,   0.34325,   0.48403,   0.52701,   0.65568,   0.56353,   0.39372,   0.35149,   0.04647,   0.45967,   0.38087,   0.50841,   0.05498
   1.00000,   0.61745,   0.04812,   0.40976,   0.63405,   0.66528,   0.33318,   0.49686,   0.03103,   0.05330,   0.02887,   0.42356,   0.06398,   0.41518,   0.06454,   0.35201,   0.00613,   0.39411,   0.53844,   0.43262,   0.02410,   0.21124,   0.02779,   0.31901,   0.68198,   0.49051,   0.28380,   0.56465,   0.23700,   0.62424,   0.17401,   0.06328,   0.22984,   0.22041,   0.36308,   0.15988,   0.69049,   0.08771,   0.46703,   0.68014,   0.68888,   0.35221,   0.29433,   0.01344,   0.02090,   0.01020,   0.57576,   0.05747,   0.37899,   0.10858,   0.33987,   0.00010,   0.38744,   0.56876,   0.38228,   0.02920,   0.22759,   0.05834,   0.14662,   0.64892,   0.58304,   0.21524,   0.65352,   0.29962,   0.65387,   0.05755,   0.01630,   0.09105,   0.24962,   0.25814,   0.04892
   1.00000,   0.65566,   0.16591,   0.57531,   0.70674,   0.74452,   0.07109,   0.62801,   0.01023,   0.18544,   0.12702,   0.44939,   0.12799,   0.35327,   0.05621,   0.31409,   0.12949,   0.47577,   0.48506,   0.49228,   0.00057,   0.17955,   0.00266,   0.23866,   0.73865,   0.56609,   0.34518,   0.29262,   0.28041,   0.72317,   0.26127,   0.17419,   0.22631,   0.27804,   0.47979,   0.32141,   0.68405,   0.19177,   0.57868,   0.64185,   0.70068,   0.07122,   0.61787,   0.12427,   0.15873,   0.16622,   0.56221,   0.06363,   0.39316,   0.05014,   0.29706,   0.14446,   0.56343,   0.28769,   0.54945,   0.00879,   0.37110,   0.00030,   0.17422,   0.67487,   0.57110,   0.41488,   0.40091,   0.23539,   0.63877,   0.02909,   0.10598,   0.19930,   0.22021,   0.19449,   0.19134
   1.00000,   0.59659,   0.15263,   0.50352,   0.54045,   0.66301,   0.04630,   0.46090,   0.11142,   0.01530,   0.11285,   0.47937,   0.00653,   0.50640,   0.06354,   0.30056,   0.05260,   0.35091,   0.54592,   0.35446,   0.00217,   0.18643,   0.00365,   0.15032,   0.66906,   0.35562,   0.20134,   0.45923,   0.18893,   0.57777,   0.04236,   0.17283,   0.11459,   0.41344,   0.24545,   0.27154,   0.67529,   0.30850,   0.27814,   0.24812,   0.61256,   0.04773,   0.56619,   0.13208,   0.24229,   0.11309,   0.54246,   0.03171,   0.22124,   0.08001,   0.20812,   0.10650,   0.67558,   0.45825,   0.11789,   0.00288,   0.04806,   0.03791,   0.50821,   0.30279,   0.46217,   0.46437,   0.28200,   0.04655,   0.20271,   0.42603,   0.29714,   0.50563,   0.27844,   0.12305,   0.36514
   1.00000,   0.62239,   0.08689,   0.42979,   0.57409,   0.65309,   0.07930,   0.43110,   0.05777,   0.06199,   0.06310,   0.39246,   0.06906,   0.40724,   0.03300,   0.11517,   0.03352,   0.39861,   0.63171,   0.40739,   0.08728,   0.27803,   0.15135,   0.09232,   0.64048,   0.56352,   0.22599,   0.58349,   0.24058,   0.57742,   0.05717,   0.10483,   0.11644,   0.24439,   0.05266,   0.02974,   0.66353,   0.07004,   0.50244,   0.63843,   0.67583,   0.11070,   0.45516,   0.02963,   0.03406,   0.03015,   0.46143,   0.02142,   0.52437,   0.03468,   0.53620,   0.02804,   0.36458,   0.63160,   0.49503,   0.22283,   0.43220,   0.00271,   0.02709,   0.69810,   0.57003,   0.22313,   0.69573,   0.39654,   0.67885,   0.01797,   0.03037,   0.03605,   0.17971,   0.18417,   0.04543
   1.00000,   0.68264,   0.14075,   0.54764,   0.67719,   0.66416,   0.08243,   0.64730,   0.07535,   0.02801,   0.11762,   0.51312,   0.02589,   0.53234,   0.05317,   0.40934,   0.04660,   0.40416,   0.48665,   0.59465,   0.04535,   0.41437,   0.01147,   0.14514,   0.72303,   0.49547,   0.30916,   0.58842,   0.41862,   0.71288,   0.12248,   0.11950,   0.11704,   0.47322,   0.25886,   0.29826,   0.62089,   0.03750,   0.45620,   0.58159,   0.65051,   0.14064,   0.55507,   0.00343,   0.00901,   0.00357,   0.48489,   0.01439,   0.41285,   0.05765,   0.36025,   0.00033,   0.39356,   0.56296,   0.41011,   0.13845,   0.30528,   0.00000,   0.14841,   0.63782,   0.55745,   0.20693,   0.57650,   0.24287,   0.49232,   0.05587,   0.06269,   0.14413,   0.44651,   0.41229,   0.01566
   1.00000,   0.64813,   0.01924,   0.58187,   0.53962,   0.70687,   0.04014,   0.44864,   0.00029,   0.21116,   0.00078,   0.48054,   0.07792,   0.46622,   0.01524,   0.16121,   0.00105,   0.32429,   0.48745,   0.44263,   0.09411,   0.27948,   0.04970,   0.49720,   0.47272,   0.49443,   0.42430,   0.28879,   0.31273,   0.44889,   0.46044,   0.08289,   0.47631,   0.33063,   0.18074,   0.06158,   0.62602,   0.05748,   0.64089,   0.50727,   0.70953,   0.04009,   0.54830,   0.01857,   0.05768,   0.03667,   0.32176,   0.00313,   0.24467,   0.01874,   0.16185,   0.01254,   0.52736,   0.24876,   0.42218,   0.03131,   0.07523,   0.00000,   0.12839,   0.52390,   0.41634,   0.21371,   0.56916,   0.36955,   0.63298,   0.08060,   0.05753,   0.18765,   0.09297,   0.49793,   0.13789
   1.00000,   0.69802,   0.62409,   0.52616,   0.71138,   0.70163,   0.53600,   0.43213,   0.29041,   0.49925,   0.15627,   0.45568,   0.29079,   0.60985,   0.28689,   0.07805,   0.54401,   0.53865,   0.44753,   0.65131,   0.37728,   0.51165,   0.31586,   0.35484,   0.70467,   0.63020,   0.38114,   0.50218,   0.57967,   0.63816,   0.39183,   0.61311,   0.49173,   0.26894,   0.50794,   0.68707,   0.70260,   0.46801,   0.35286,   0.59703,   0.69252,   0.09873,   0.66317,   0.19646,   0.29813,   0.18828,   0.62806,   0.05201,   0.14030,   0.19518,   0.10187,   0.16782,   0.68525,   0.39523,   0.35641,   0.11939,   0.13867,   0.00000,   0.51725,   0.68891,   0.66689,   0.67165,   0.20780,   0.11922,   0.56907,   0.02730,   0.44985,   0.56679,   0.06734,   0.65981,   0.56116
   1.00000,   0.65762,   0.02603,   0.53405,   0.63362,   0.64327,   0.14856,   0.51533,   0.02921,   0.01224,   0.03172,   0.51836,   0.03152,   0.55474,   0.06788,   0.48445,   0.02051,   0.41084,   0.52895,   0.51531,   0.06823,   0.42668,   0.00000,   0.12684,   0.64433,   0.52631,   0.27329,   0.59612,   0.43069,   0.57834,   0.12902,   0.03029,   0.07301,   0.04472,   0.13103,   0.04251,   0.69823,   0.11127,   0.57815,   0.67495,   0.65696,   0.20956,   0.38637,   0.04452,   0.03341,   0.04611,   0.51627,   0.05790,   0.55122,   0.08500,   0.58059,   0.00318,   0.33651,   0.57571,   0.64732,   0.00408,   0.38918,   0.00777,   0.22168,   0.64598,   0.66359,   0.25159,   0.61494,   0.52639,   0.61715,   0.03951,   0.03928,   0.20360,   0.52803,   0.06806,   0.02046
   1.00000,   0.62619,   0.05315,   0.49474,   0.65959,   0.51791,   0.15367,   0.48670,   0.00942,   0.01975,   0.00906,   0.45258,   0.00741,   0.36846,   0.00581,   0.11539,   0.00868,   0.33365,   0.61615,   0.35885,   0.19710,   0.22564,   0.00546,   0.21976,   0.56468,   0.55778,   0.31657,   0.66374,   0.17540,   0.64620,   0.21838,   0.03076,   0.07951,   0.26916,   0.22896,   0.22750,   0.60908,   0.34358,   0.39136,   0.45163,   0.45530,   0.10610,   0.64386,   0.14319,   0.24471,   0.19606,   0.43677,   0.06624,   0.39240,   0.04231,   0.35796,   0.23146,   0.64415,   0.54484,   0.47923,   0.25559,   0.42882,   0.00000,   0.50647,   0.36846,   0.48400,   0.50273,   0.63154,   0.51718,   0.50871,   0.32887,   0.35852,   0.49998,   0.35942,   0.29690,   0.39620
   1.00000,   0.71008,   0.16419,   0.51169,   0.67834,   0.62546,   0.11692,   0.57366,   0.26311,   0.06584,   0.17213,   0.65467,   0.05349,   0.33877,   0.24321,   0.11973,   0.11786,   0.65554,   0.61676,   0.32604,   0.00000,   0.32616,   0.01107,   0.20447,   0.67326,   0.65808,   0.21230,   0.41626,   0.40801,   0.62839,   0.12694,   0.23104,   0.23437,   0.49836,   0.32129,   0.44048,   0.62069,   0.05116,   0.43559,   0.58790,   0.62401,   0.08008,   0.57637,   0.01088,   0.00325,   0.01024,   0.53881,   0.02238,   0.45510,   0.03458,   0.45024,   0.00000,   0.50023,   0.53263,   0.40693,   0.08344,   0.21373,   0.00275,   0.05210,   0.62291,   0.56755,   0.27143,   0.44258,   0.27060,   0.57508,   0.00842,   0.00188,   0.18550,   0.25915,   0.49312,   0.00024
   1.00000,   0.62206,   0.11619,   0.49713,   0.63140,   0.68136,   0.03838,   0.59525,   0.12879,   0.06622,   0.09697,   0.31010,   0.01401,   0.34481,   0.05270,   0.40450,   0.08350,   0.40392,   0.48521,   0.49744,   0.00000,   0.29569,   0.00320,   0.09653,   0.67391,   0.49263,   0.50432,   0.45182,   0.32291,   0.60538,   0.29912,   0.11189,   0.10745,   0.26196,   0.43793,   0.19435,   0.69636,   0.01480,   0.57818,   0.65723,   0.69111,   0.04069,   0.48173,   0.00007,   0.00791,   0.00004,   0.35706,   0.00977,   0.40656,   0.04123,   0.32106,   0.00000,   0.41516,   0.38619,   0.56816,   0.06253,   0.51018,   0.00000,   0.05981,   0.69834,   0.52967,   0.39020,   0.62362,   0.50135,   0.68370,   0.02534,   0.00337,   0.12321,   0.14471,   0.44985,   0.00693
   1.00000,   0.61281,   0.00785,   0.54810,   0.66132,   0.62232,   0.02702,   0.45777,   0.00392,   0.00355,   0.00398,   0.31297,   0.00971,   0.49503,   0.15681,   0.41686,   0.00258,   0.36038,   0.57811,   0.35324,   0.14161,   0.18100,   0.00000,   0.11031,   0.62593,   0.46526,   0.12851,   0.46512,   0.27256,   0.63818,   0.06530,   0.03321,   0.03865,   0.24590,   0.08239,   0.00686,   0.64071,   0.15248,   0.44780,   0.31357,   0.63774,   0.04859,   0.65531,   0.24158,   0.06259,   0.15160,   0.63967,   0.04813,   0.09844,   0.41073,   0.28452,   0.10585,   0.65570,   0.62127,   0.00725,   0.00154,   0.00376,   0.02963,   0.48071,   0.59709,   0.56629,   0.51129,   0.26898,   0.03804,   0.47175,   0.39208,   0.24290,   0.53574,   0.31231,   0.65332,   0.23211
   1.00000,   0.70648,   0.13554,   0.57524,   0.71122,   0.74817,   0.01835,   0.44139,   0.13388,   0.05642,   0.14783,   0.58503,   0.11336,   0.54735,   0.10282,   0.43157,   0.08159,   0.37516,   0.69343,   0.57065,   0.02395,   0.31715,   0.00000,   0.11385,   0.73810,   0.59521,   0.27780,   0.57046,   0.20137,   0.66305,   0.09652,   0.16986,   0.18215,   0.26545,   0.12046,   0.19838,   0.71316,   0.21590,   0.59668,   0.67190,   0.72610,   0.02205,   0.33321,   0.16252,   0.14363,   0.16304,   0.57153,   0.10242,   0.38653,   0.12977,   0.47949,   0.09901,   0.31975,   0.62347,   0.47137,   0.08560,   0.21213,   0.01183,   0.19703,   0.73627,   0.66702,   0.19514,   0.51779,   0.44466,   0.69529,   0.22724,   0.04844,   0.29839,   0.06518,   0.28581,   0.02011
